customer_id,name,email
customer_00001,Customer-00001,customer1@example.com
customer_00002,Customer-00002,customer2@example.com
customer_00003,Customer-00003,customer3@example.com
customer_00004,Customer-00004,customer4@example.com
customer_00005,Customer-00005,customer5@example.com
customer_00006,Customer-00006,customer6@example.com
customer_00007,Customer-00007,customer7@example.com
customer_00008,Customer-00008,customer8@example.com
customer_00009,Customer-00009,customer9@example.com
customer_00010,Customer-00010,customer10@example.com
customer_00011,Customer-00011,customer11@example.com
customer_00012,Customer-00012,customer12@example.com
customer_00013,Customer-00013,customer13@example.com
customer_00014,Customer-00014,customer14@example.com
customer_00015,Customer-00015,customer15@example.com
customer_00016,Customer-00016,customer16@example.com
customer_00017,Customer-00017,customer17@example.com
customer_00018,Customer-00018,customer18@example.com
customer_00019,Customer-00019,customer19@example.com
customer_00020,Customer-00020,customer20@example.com
customer_00021,Customer-00021,customer21@example.com
customer_00022,Customer-00022,customer22@example.com
customer_00023,Customer-00023,customer23@example.com
customer_00024,Customer-00024,customer24@example.com
customer_00025,Customer-00025,customer25@example.com
customer_00026,Customer-00026,customer26@example.com
customer_00027,Customer-00027,customer27@example.com
customer_00028,Customer-00028,customer28@example.com
customer_00029,Customer-00029,customer29@example.com
customer_00030,Customer-00030,customer30@example.com
customer_00031,Customer-00031,customer31@example.com
customer_00032,Customer-00032,customer32@example.com
customer_00033,Customer-00033,customer33@example.com
customer_00034,Customer-00034,customer34@example.com
customer_00035,Customer-00035,customer35@example.com
customer_00036,Customer-00036,customer36@example.com
customer_00037,Customer-00037,customer37@example.com
customer_00038,Customer-00038,customer38@example.com
customer_00039,Customer-00039,customer39@example.com
customer_00040,Customer-00040,customer40@example.com
customer_00041,Customer-00041,customer41@example.com
customer_00042,Customer-00042,customer42@example.com
customer_00043,Customer-00043,customer43@example.com
customer_00044,Customer-00044,customer44@example.com
customer_00045,Customer-00045,customer45@example.com
customer_00046,Customer-00046,customer46@example.com
customer_00047,Customer-00047,customer47@example.com
customer_00048,Customer-00048,customer48@example.com
customer_00049,Customer-00049,customer49@example.com
customer_00050,Customer-00050,customer50@example.com
customer_00051,Customer-00051,customer51@example.com
customer_00052,Customer-00052,customer52@example.com
customer_00053,Customer-00053,customer53@example.com
customer_00054,Customer-00054,customer54@example.com
customer_00055,Customer-00055,customer55@example.com
customer_00056,Customer-00056,customer56@example.com
customer_00057,Customer-00057,customer57@example.com
customer_00058,Customer-00058,customer58@example.com
customer_00059,Customer-00059,customer59@example.com
customer_00060,Customer-00060,customer60@example.com
customer_00061,Customer-00061,customer61@example.com
customer_00062,Customer-00062,customer62@example.com
customer_00063,Customer-00063,customer63@example.com
customer_00064,Customer-00064,customer64@example.com
customer_00065,Customer-00065,customer65@example.com
customer_00066,Customer-00066,customer66@example.com
customer_00067,Customer-00067,customer67@example.com
customer_00068,Customer-00068,customer68@example.com
customer_00069,Customer-00069,customer69@example.com
customer_00070,Customer-00070,customer70@example.com
customer_00071,Customer-00071,customer71@example.com
customer_00072,Customer-00072,customer72@example.com
customer_00073,Customer-00073,customer73@example.com
customer_00074,Customer-00074,customer74@example.com
customer_00075,Customer-00075,customer75@example.com
customer_00076,Customer-00076,customer76@example.com
customer_00077,Customer-00077,customer77@example.com
customer_00078,Customer-00078,customer78@example.com
customer_00079,Customer-00079,customer79@example.com
customer_00080,Customer-00080,customer80@example.com
customer_00081,Customer-00081,customer81@example.com
customer_00082,Customer-00082,customer82@example.com
customer_00083,Customer-00083,customer83@example.com
customer_00084,Customer-00084,customer84@example.com
customer_00085,Customer-00085,customer85@example.com
customer_00086,Customer-00086,customer86@example.com
customer_00087,Customer-00087,customer87@example.com
customer_00088,Customer-00088,customer88@example.com
customer_00089,Customer-00089,customer89@example.com
customer_00090,Customer-00090,customer90@example.com
customer_00091,Customer-00091,customer91@example.com
customer_00092,Customer-00092,customer92@example.com
customer_00093,Customer-00093,customer93@example.com
customer_00094,Customer-00094,customer94@example.com
customer_00095,Customer-00095,customer95@example.com
customer_00096,Customer-00096,customer96@example.com
customer_00097,Customer-00097,customer97@example.com
customer_00098,Customer-00098,customer98@example.com
customer_00099,Customer-00099,customer99@example.com
customer_00100,Customer-00100,customer100@example.com
customer_00101,Customer-00101,customer101@example.com
customer_00102,Customer-00102,customer102@example.com
customer_00103,Customer-00103,customer103@example.com
customer_00104,Customer-00104,customer104@example.com
customer_00105,Customer-00105,customer105@example.com
customer_00106,Customer-00106,customer106@example.com
customer_00107,Customer-00107,customer107@example.com
customer_00108,Customer-00108,customer108@example.com
customer_00109,Customer-00109,customer109@example.com
customer_00110,Customer-00110,customer110@example.com
customer_00111,Customer-00111,customer111@example.com
customer_00112,Customer-00112,customer112@example.com
customer_00113,Customer-00113,customer113@example.com
customer_00114,Customer-00114,customer114@example.com
customer_00115,Customer-00115,customer115@example.com
customer_00116,Customer-00116,customer116@example.com
customer_00117,Customer-00117,customer117@example.com
customer_00118,Customer-00118,customer118@example.com
customer_00119,Customer-00119,customer119@example.com
customer_00120,Customer-00120,customer120@example.com
customer_00121,Customer-00121,customer121@example.com
customer_00122,Customer-00122,customer122@example.com
customer_00123,Customer-00123,customer123@example.com
customer_00124,Customer-00124,customer124@example.com
customer_00125,Customer-00125,customer125@example.com
customer_00126,Customer-00126,customer126@example.com
customer_00127,Customer-00127,customer127@example.com
customer_00128,Customer-00128,customer128@example.com
customer_00129,Customer-00129,customer129@example.com
customer_00130,Customer-00130,customer130@example.com
customer_00131,Customer-00131,customer131@example.com
customer_00132,Customer-00132,customer132@example.com
customer_00133,Customer-00133,customer133@example.com
customer_00134,Customer-00134,customer134@example.com
customer_00135,Customer-00135,customer135@example.com
customer_00136,Customer-00136,customer136@example.com
customer_00137,Customer-00137,customer137@example.com
customer_00138,Customer-00138,customer138@example.com
customer_00139,Customer-00139,customer139@example.com
customer_00140,Customer-00140,customer140@example.com
customer_00141,Customer-00141,customer141@example.com
customer_00142,Customer-00142,customer142@example.com
customer_00143,Customer-00143,customer143@example.com
customer_00144,Customer-00144,customer144@example.com
customer_00145,Customer-00145,customer145@example.com
customer_00146,Customer-00146,customer146@example.com
customer_00147,Customer-00147,customer147@example.com
customer_00148,Customer-00148,customer148@example.com
customer_00149,Customer-00149,customer149@example.com
customer_00150,Customer-00150,customer150@example.com
customer_00151,Customer-00151,customer151@example.com
customer_00152,Customer-00152,customer152@example.com
customer_00153,Customer-00153,customer153@example.com
customer_00154,Customer-00154,customer154@example.com
customer_00155,Customer-00155,customer155@example.com
customer_00156,Customer-00156,customer156@example.com
customer_00157,Customer-00157,customer157@example.com
customer_00158,Customer-00158,customer158@example.com
customer_00159,Customer-00159,customer159@example.com
customer_00160,Customer-00160,customer160@example.com
customer_00161,Customer-00161,customer161@example.com
customer_00162,Customer-00162,customer162@example.com
customer_00163,Customer-00163,customer163@example.com
customer_00164,Customer-00164,customer164@example.com
customer_00165,Customer-00165,customer165@example.com
customer_00166,Customer-00166,customer166@example.com
customer_00167,Customer-00167,customer167@example.com
customer_00168,Customer-00168,customer168@example.com
customer_00169,Customer-00169,customer169@example.com
customer_00170,Customer-00170,customer170@example.com
customer_00171,Customer-00171,customer171@example.com
customer_00172,Customer-00172,customer172@example.com
customer_00173,Customer-00173,customer173@example.com
customer_00174,Customer-00174,customer174@example.com
customer_00175,Customer-00175,customer175@example.com
customer_00176,Customer-00176,customer176@example.com
customer_00177,Customer-00177,customer177@example.com
customer_00178,Customer-00178,customer178@example.com
customer_00179,Customer-00179,customer179@example.com
customer_00180,Customer-00180,customer180@example.com
customer_00181,Customer-00181,customer181@example.com
customer_00182,Customer-00182,customer182@example.com
customer_00183,Customer-00183,customer183@example.com
customer_00184,Customer-00184,customer184@example.com
customer_00185,Customer-00185,customer185@example.com
customer_00186,Customer-00186,customer186@example.com
customer_00187,Customer-00187,customer187@example.com
customer_00188,Customer-00188,customer188@example.com
customer_00189,Customer-00189,customer189@example.com
customer_00190,Customer-00190,customer190@example.com
customer_00191,Customer-00191,customer191@example.com
customer_00192,Customer-00192,customer192@example.com
customer_00193,Customer-00193,customer193@example.com
customer_00194,Customer-00194,customer194@example.com
customer_00195,Customer-00195,customer195@example.com
customer_00196,Customer-00196,customer196@example.com
customer_00197,Customer-00197,customer197@example.com
customer_00198,Customer-00198,customer198@example.com
customer_00199,Customer-00199,customer199@example.com
customer_00200,Customer-00200,customer200@example.com
customer_00201,Customer-00201,customer201@example.com
customer_00202,Customer-00202,customer202@example.com
customer_00203,Customer-00203,customer203@example.com
customer_00204,Customer-00204,customer204@example.com
customer_00205,Customer-00205,customer205@example.com
customer_00206,Customer-00206,customer206@example.com
customer_00207,Customer-00207,customer207@example.com
customer_00208,Customer-00208,customer208@example.com
customer_00209,Customer-00209,customer209@example.com
customer_00210,Customer-00210,customer210@example.com
customer_00211,Customer-00211,customer211@example.com
customer_00212,Customer-00212,customer212@example.com
customer_00213,Customer-00213,customer213@example.com
customer_00214,Customer-00214,customer214@example.com
customer_00215,Customer-00215,customer215@example.com
customer_00216,Customer-00216,customer216@example.com
customer_00217,Customer-00217,customer217@example.com
customer_00218,Customer-00218,customer218@example.com
customer_00219,Customer-00219,customer219@example.com
customer_00220,Customer-00220,customer220@example.com
customer_00221,Customer-00221,customer221@example.com
customer_00222,Customer-00222,customer222@example.com
customer_00223,Customer-00223,customer223@example.com
customer_00224,Customer-00224,customer224@example.com
customer_00225,Customer-00225,customer225@example.com
customer_00226,Customer-00226,customer226@example.com
customer_00227,Customer-00227,customer227@example.com
customer_00228,Customer-00228,customer228@example.com
customer_00229,Customer-00229,customer229@example.com
customer_00230,Customer-00230,customer230@example.com
customer_00231,Customer-00231,customer231@example.com
customer_00232,Customer-00232,customer232@example.com
customer_00233,Customer-00233,customer233@example.com
customer_00234,Customer-00234,customer234@example.com
customer_00235,Customer-00235,customer235@example.com
customer_00236,Customer-00236,customer236@example.com
customer_00237,Customer-00237,customer237@example.com
customer_00238,Customer-00238,customer238@example.com
customer_00239,Customer-00239,customer239@example.com
customer_00240,Customer-00240,customer240@example.com
customer_00241,Customer-00241,customer241@example.com
customer_00242,Customer-00242,customer242@example.com
customer_00243,Customer-00243,customer243@example.com
customer_00244,Customer-00244,customer244@example.com
customer_00245,Customer-00245,customer245@example.com
customer_00246,Customer-00246,customer246@example.com
customer_00247,Customer-00247,customer247@example.com
customer_00248,Customer-00248,customer248@example.com
customer_00249,Customer-00249,customer249@example.com
customer_00250,Customer-00250,customer250@example.com
customer_00251,Customer-00251,customer251@example.com
customer_00252,Customer-00252,customer252@example.com
customer_00253,Customer-00253,customer253@example.com
customer_00254,Customer-00254,customer254@example.com
customer_00255,Customer-00255,customer255@example.com
customer_00256,Customer-00256,customer256@example.com
customer_00257,Customer-00257,customer257@example.com
customer_00258,Customer-00258,customer258@example.com
customer_00259,Customer-00259,customer259@example.com
customer_00260,Customer-00260,customer260@example.com
customer_00261,Customer-00261,customer261@example.com
customer_00262,Customer-00262,customer262@example.com
customer_00263,Customer-00263,customer263@example.com
customer_00264,Customer-00264,customer264@example.com
customer_00265,Customer-00265,customer265@example.com
customer_00266,Customer-00266,customer266@example.com
customer_00267,Customer-00267,customer267@example.com
customer_00268,Customer-00268,customer268@example.com
customer_00269,Customer-00269,customer269@example.com
customer_00270,Customer-00270,customer270@example.com
customer_00271,Customer-00271,customer271@example.com
customer_00272,Customer-00272,customer272@example.com
customer_00273,Customer-00273,customer273@example.com
customer_00274,Customer-00274,customer274@example.com
customer_00275,Customer-00275,customer275@example.com
customer_00276,Customer-00276,customer276@example.com
customer_00277,Customer-00277,customer277@example.com
customer_00278,Customer-00278,customer278@example.com
customer_00279,Customer-00279,customer279@example.com
customer_00280,Customer-00280,customer280@example.com
customer_00281,Customer-00281,customer281@example.com
customer_00282,Customer-00282,customer282@example.com
customer_00283,Customer-00283,customer283@example.com
customer_00284,Customer-00284,customer284@example.com
customer_00285,Customer-00285,customer285@example.com
customer_00286,Customer-00286,customer286@example.com
customer_00287,Customer-00287,customer287@example.com
customer_00288,Customer-00288,customer288@example.com
customer_00289,Customer-00289,customer289@example.com
customer_00290,Customer-00290,customer290@example.com
customer_00291,Customer-00291,customer291@example.com
customer_00292,Customer-00292,customer292@example.com
customer_00293,Customer-00293,customer293@example.com
customer_00294,Customer-00294,customer294@example.com
customer_00295,Customer-00295,customer295@example.com
customer_00296,Customer-00296,customer296@example.com
customer_00297,Customer-00297,customer297@example.com
customer_00298,Customer-00298,customer298@example.com
customer_00299,Customer-00299,customer299@example.com
customer_00300,Customer-00300,customer300@example.com
customer_00301,Customer-00301,customer301@example.com
customer_00302,Customer-00302,customer302@example.com
customer_00303,Customer-00303,customer303@example.com
customer_00304,Customer-00304,customer304@example.com
customer_00305,Customer-00305,customer305@example.com
customer_00306,Customer-00306,customer306@example.com
customer_00307,Customer-00307,customer307@example.com
customer_00308,Customer-00308,customer308@example.com
customer_00309,Customer-00309,customer309@example.com
customer_00310,Customer-00310,customer310@example.com
customer_00311,Customer-00311,customer311@example.com
customer_00312,Customer-00312,customer312@example.com
customer_00313,Customer-00313,customer313@example.com
customer_00314,Customer-00314,customer314@example.com
customer_00315,Customer-00315,customer315@example.com
customer_00316,Customer-00316,customer316@example.com
customer_00317,Customer-00317,customer317@example.com
customer_00318,Customer-00318,customer318@example.com
customer_00319,Customer-00319,customer319@example.com
customer_00320,Customer-00320,customer320@example.com
customer_00321,Customer-00321,customer321@example.com
customer_00322,Customer-00322,customer322@example.com
customer_00323,Customer-00323,customer323@example.com
customer_00324,Customer-00324,customer324@example.com
customer_00325,Customer-00325,customer325@example.com
customer_00326,Customer-00326,customer326@example.com
customer_00327,Customer-00327,customer327@example.com
customer_00328,Customer-00328,customer328@example.com
customer_00329,Customer-00329,customer329@example.com
customer_00330,Customer-00330,customer330@example.com
customer_00331,Customer-00331,customer331@example.com
customer_00332,Customer-00332,customer332@example.com
customer_00333,Customer-00333,customer333@example.com
customer_00334,Customer-00334,customer334@example.com
customer_00335,Customer-00335,customer335@example.com
customer_00336,Customer-00336,customer336@example.com
customer_00337,Customer-00337,customer337@example.com
customer_00338,Customer-00338,customer338@example.com
customer_00339,Customer-00339,customer339@example.com
customer_00340,Customer-00340,customer340@example.com
customer_00341,Customer-00341,customer341@example.com
customer_00342,Customer-00342,customer342@example.com
customer_00343,Customer-00343,customer343@example.com
customer_00344,Customer-00344,customer344@example.com
customer_00345,Customer-00345,customer345@example.com
customer_00346,Customer-00346,customer346@example.com
customer_00347,Customer-00347,customer347@example.com
customer_00348,Customer-00348,customer348@example.com
customer_00349,Customer-00349,customer349@example.com
customer_00350,Customer-00350,customer350@example.com
customer_00351,Customer-00351,customer351@example.com
customer_00352,Customer-00352,customer352@example.com
customer_00353,Customer-00353,customer353@example.com
customer_00354,Customer-00354,customer354@example.com
customer_00355,Customer-00355,customer355@example.com
customer_00356,Customer-00356,customer356@example.com
customer_00357,Customer-00357,customer357@example.com
customer_00358,Customer-00358,customer358@example.com
customer_00359,Customer-00359,customer359@example.com
customer_00360,Customer-00360,customer360@example.com
customer_00361,Customer-00361,customer361@example.com
customer_00362,Customer-00362,customer362@example.com
customer_00363,Customer-00363,customer363@example.com
customer_00364,Customer-00364,customer364@example.com
customer_00365,Customer-00365,customer365@example.com
customer_00366,Customer-00366,customer366@example.com
customer_00367,Customer-00367,customer367@example.com
customer_00368,Customer-00368,customer368@example.com
customer_00369,Customer-00369,customer369@example.com
customer_00370,Customer-00370,customer370@example.com
customer_00371,Customer-00371,customer371@example.com
customer_00372,Customer-00372,customer372@example.com
customer_00373,Customer-00373,customer373@example.com
customer_00374,Customer-00374,customer374@example.com
customer_00375,Customer-00375,customer375@example.com
customer_00376,Customer-00376,customer376@example.com
customer_00377,Customer-00377,customer377@example.com
customer_00378,Customer-00378,customer378@example.com
customer_00379,Customer-00379,customer379@example.com
customer_00380,Customer-00380,customer380@example.com
customer_00381,Customer-00381,customer381@example.com
customer_00382,Customer-00382,customer382@example.com
customer_00383,Customer-00383,customer383@example.com
customer_00384,Customer-00384,customer384@example.com
customer_00385,Customer-00385,customer385@example.com
customer_00386,Customer-00386,customer386@example.com
customer_00387,Customer-00387,customer387@example.com
customer_00388,Customer-00388,customer388@example.com
customer_00389,Customer-00389,customer389@example.com
customer_00390,Customer-00390,customer390@example.com
customer_00391,Customer-00391,customer391@example.com
customer_00392,Customer-00392,customer392@example.com
customer_00393,Customer-00393,customer393@example.com
customer_00394,Customer-00394,customer394@example.com
customer_00395,Customer-00395,customer395@example.com
customer_00396,Customer-00396,customer396@example.com
customer_00397,Customer-00397,customer397@example.com
customer_00398,Customer-00398,customer398@example.com
customer_00399,Customer-00399,customer399@example.com
customer_00400,Customer-00400,customer400@example.com
customer_00401,Customer-00401,customer401@example.com
customer_00402,Customer-00402,customer402@example.com
customer_00403,Customer-00403,customer403@example.com
customer_00404,Customer-00404,customer404@example.com
customer_00405,Customer-00405,customer405@example.com
customer_00406,Customer-00406,customer406@example.com
customer_00407,Customer-00407,customer407@example.com
customer_00408,Customer-00408,customer408@example.com
customer_00409,Customer-00409,customer409@example.com
customer_00410,Customer-00410,customer410@example.com
customer_00411,Customer-00411,customer411@example.com
customer_00412,Customer-00412,customer412@example.com
customer_00413,Customer-00413,customer413@example.com
customer_00414,Customer-00414,customer414@example.com
customer_00415,Customer-00415,customer415@example.com
customer_00416,Customer-00416,customer416@example.com
customer_00417,Customer-00417,customer417@example.com
customer_00418,Customer-00418,customer418@example.com
customer_00419,Customer-00419,customer419@example.com
customer_00420,Customer-00420,customer420@example.com
customer_00421,Customer-00421,customer421@example.com
customer_00422,Customer-00422,customer422@example.com
customer_00423,Customer-00423,customer423@example.com
customer_00424,Customer-00424,customer424@example.com
customer_00425,Customer-00425,customer425@example.com
customer_00426,Customer-00426,customer426@example.com
customer_00427,Customer-00427,customer427@example.com
customer_00428,Customer-00428,customer428@example.com
customer_00429,Customer-00429,customer429@example.com
customer_00430,Customer-00430,customer430@example.com
customer_00431,Customer-00431,customer431@example.com
customer_00432,Customer-00432,customer432@example.com
customer_00433,Customer-00433,customer433@example.com
customer_00434,Customer-00434,customer434@example.com
customer_00435,Customer-00435,customer435@example.com
customer_00436,Customer-00436,customer436@example.com
customer_00437,Customer-00437,customer437@example.com
customer_00438,Customer-00438,customer438@example.com
customer_00439,Customer-00439,customer439@example.com
customer_00440,Customer-00440,customer440@example.com
customer_00441,Customer-00441,customer441@example.com
customer_00442,Customer-00442,customer442@example.com
customer_00443,Customer-00443,customer443@example.com
customer_00444,Customer-00444,customer444@example.com
customer_00445,Customer-00445,customer445@example.com
customer_00446,Customer-00446,customer446@example.com
customer_00447,Customer-00447,customer447@example.com
customer_00448,Customer-00448,customer448@example.com
customer_00449,Customer-00449,customer449@example.com
customer_00450,Customer-00450,customer450@example.com
customer_00451,Customer-00451,customer451@example.com
customer_00452,Customer-00452,customer452@example.com
customer_00453,Customer-00453,customer453@example.com
customer_00454,Customer-00454,customer454@example.com
customer_00455,Customer-00455,customer455@example.com
customer_00456,Customer-00456,customer456@example.com
customer_00457,Customer-00457,customer457@example.com
customer_00458,Customer-00458,customer458@example.com
customer_00459,Customer-00459,customer459@example.com
customer_00460,Customer-00460,customer460@example.com
customer_00461,Customer-00461,customer461@example.com
customer_00462,Customer-00462,customer462@example.com
customer_00463,Customer-00463,customer463@example.com
customer_00464,Customer-00464,customer464@example.com
customer_00465,Customer-00465,customer465@example.com
customer_00466,Customer-00466,customer466@example.com
customer_00467,Customer-00467,customer467@example.com
customer_00468,Customer-00468,customer468@example.com
customer_00469,Customer-00469,customer469@example.com
customer_00470,Customer-00470,customer470@example.com
customer_00471,Customer-00471,customer471@example.com
customer_00472,Customer-00472,customer472@example.com
customer_00473,Customer-00473,customer473@example.com
customer_00474,Customer-00474,customer474@example.com
customer_00475,Customer-00475,customer475@example.com
customer_00476,Customer-00476,customer476@example.com
customer_00477,Customer-00477,customer477@example.com
customer_00478,Customer-00478,customer478@example.com
customer_00479,Customer-00479,customer479@example.com
customer_00480,Customer-00480,customer480@example.com
customer_00481,Customer-00481,customer481@example.com
customer_00482,Customer-00482,customer482@example.com
customer_00483,Customer-00483,customer483@example.com
customer_00484,Customer-00484,customer484@example.com
customer_00485,Customer-00485,customer485@example.com
customer_00486,Customer-00486,customer486@example.com
customer_00487,Customer-00487,customer487@example.com
customer_00488,Customer-00488,customer488@example.com
customer_00489,Customer-00489,customer489@example.com
customer_00490,Customer-00490,customer490@example.com
customer_00491,Customer-00491,customer491@example.com
customer_00492,Customer-00492,customer492@example.com
customer_00493,Customer-00493,customer493@example.com
customer_00494,Customer-00494,customer494@example.com
customer_00495,Customer-00495,customer495@example.com
customer_00496,Customer-00496,customer496@example.com
customer_00497,Customer-00497,customer497@example.com
customer_00498,Customer-00498,customer498@example.com
customer_00499,Customer-00499,customer499@example.com
customer_00500,Customer-00500,customer500@example.com
customer_00501,Customer-00501,customer501@example.com
customer_00502,Customer-00502,customer502@example.com
customer_00503,Customer-00503,customer503@example.com
customer_00504,Customer-00504,customer504@example.com
customer_00505,Customer-00505,customer505@example.com
customer_00506,Customer-00506,customer506@example.com
customer_00507,Customer-00507,customer507@example.com
customer_00508,Customer-00508,customer508@example.com
customer_00509,Customer-00509,customer509@example.com
customer_00510,Customer-00510,customer510@example.com
customer_00511,Customer-00511,customer511@example.com
customer_00512,Customer-00512,customer512@example.com
customer_00513,Customer-00513,customer513@example.com
customer_00514,Customer-00514,customer514@example.com
customer_00515,Customer-00515,customer515@example.com
customer_00516,Customer-00516,customer516@example.com
customer_00517,Customer-00517,customer517@example.com
customer_00518,Customer-00518,customer518@example.com
customer_00519,Customer-00519,customer519@example.com
customer_00520,Customer-00520,customer520@example.com
customer_00521,Customer-00521,customer521@example.com
customer_00522,Customer-00522,customer522@example.com
customer_00523,Customer-00523,customer523@example.com
customer_00524,Customer-00524,customer524@example.com
customer_00525,Customer-00525,customer525@example.com
customer_00526,Customer-00526,customer526@example.com
customer_00527,Customer-00527,customer527@example.com
customer_00528,Customer-00528,customer528@example.com
customer_00529,Customer-00529,customer529@example.com
customer_00530,Customer-00530,customer530@example.com
customer_00531,Customer-00531,customer531@example.com
customer_00532,Customer-00532,customer532@example.com
customer_00533,Customer-00533,customer533@example.com
customer_00534,Customer-00534,customer534@example.com
customer_00535,Customer-00535,customer535@example.com
customer_00536,Customer-00536,customer536@example.com
customer_00537,Customer-00537,customer537@example.com
customer_00538,Customer-00538,customer538@example.com
customer_00539,Customer-00539,customer539@example.com
customer_00540,Customer-00540,customer540@example.com
customer_00541,Customer-00541,customer541@example.com
customer_00542,Customer-00542,customer542@example.com
customer_00543,Customer-00543,customer543@example.com
customer_00544,Customer-00544,customer544@example.com
customer_00545,Customer-00545,customer545@example.com
customer_00546,Customer-00546,customer546@example.com
customer_00547,Customer-00547,customer547@example.com
customer_00548,Customer-00548,customer548@example.com
customer_00549,Customer-00549,customer549@example.com
customer_00550,Customer-00550,customer550@example.com
customer_00551,Customer-00551,customer551@example.com
customer_00552,Customer-00552,customer552@example.com
customer_00553,Customer-00553,customer553@example.com
customer_00554,Customer-00554,customer554@example.com
customer_00555,Customer-00555,customer555@example.com
customer_00556,Customer-00556,customer556@example.com
customer_00557,Customer-00557,customer557@example.com
customer_00558,Customer-00558,customer558@example.com
customer_00559,Customer-00559,customer559@example.com
customer_00560,Customer-00560,customer560@example.com
customer_00561,Customer-00561,customer561@example.com
customer_00562,Customer-00562,customer562@example.com
customer_00563,Customer-00563,customer563@example.com
customer_00564,Customer-00564,customer564@example.com
customer_00565,Customer-00565,customer565@example.com
customer_00566,Customer-00566,customer566@example.com
customer_00567,Customer-00567,customer567@example.com
customer_00568,Customer-00568,customer568@example.com
customer_00569,Customer-00569,customer569@example.com
customer_00570,Customer-00570,customer570@example.com
customer_00571,Customer-00571,customer571@example.com
customer_00572,Customer-00572,customer572@example.com
customer_00573,Customer-00573,customer573@example.com
customer_00574,Customer-00574,customer574@example.com
customer_00575,Customer-00575,customer575@example.com
customer_00576,Customer-00576,customer576@example.com
customer_00577,Customer-00577,customer577@example.com
customer_00578,Customer-00578,customer578@example.com
customer_00579,Customer-00579,customer579@example.com
customer_00580,Customer-00580,customer580@example.com
customer_00581,Customer-00581,customer581@example.com
customer_00582,Customer-00582,customer582@example.com
customer_00583,Customer-00583,customer583@example.com
customer_00584,Customer-00584,customer584@example.com
customer_00585,Customer-00585,customer585@example.com
customer_00586,Customer-00586,customer586@example.com
customer_00587,Customer-00587,customer587@example.com
customer_00588,Customer-00588,customer588@example.com
customer_00589,Customer-00589,customer589@example.com
customer_00590,Customer-00590,customer590@example.com
customer_00591,Customer-00591,customer591@example.com
customer_00592,Customer-00592,customer592@example.com
customer_00593,Customer-00593,customer593@example.com
customer_00594,Customer-00594,customer594@example.com
customer_00595,Customer-00595,customer595@example.com
customer_00596,Customer-00596,customer596@example.com
customer_00597,Customer-00597,customer597@example.com
customer_00598,Customer-00598,customer598@example.com
customer_00599,Customer-00599,customer599@example.com
customer_00600,Customer-00600,customer600@example.com
customer_00601,Customer-00601,customer601@example.com
customer_00602,Customer-00602,customer602@example.com
customer_00603,Customer-00603,customer603@example.com
customer_00604,Customer-00604,customer604@example.com
customer_00605,Customer-00605,customer605@example.com
customer_00606,Customer-00606,customer606@example.com
customer_00607,Customer-00607,customer607@example.com
customer_00608,Customer-00608,customer608@example.com
customer_00609,Customer-00609,customer609@example.com
customer_00610,Customer-00610,customer610@example.com
customer_00611,Customer-00611,customer611@example.com
customer_00612,Customer-00612,customer612@example.com
customer_00613,Customer-00613,customer613@example.com
customer_00614,Customer-00614,customer614@example.com
customer_00615,Customer-00615,customer615@example.com
customer_00616,Customer-00616,customer616@example.com
customer_00617,Customer-00617,customer617@example.com
customer_00618,Customer-00618,customer618@example.com
customer_00619,Customer-00619,customer619@example.com
customer_00620,Customer-00620,customer620@example.com
customer_00621,Customer-00621,customer621@example.com
customer_00622,Customer-00622,customer622@example.com
customer_00623,Customer-00623,customer623@example.com
customer_00624,Customer-00624,customer624@example.com
customer_00625,Customer-00625,customer625@example.com
customer_00626,Customer-00626,customer626@example.com
customer_00627,Customer-00627,customer627@example.com
customer_00628,Customer-00628,customer628@example.com
customer_00629,Customer-00629,customer629@example.com
customer_00630,Customer-00630,customer630@example.com
customer_00631,Customer-00631,customer631@example.com
customer_00632,Customer-00632,customer632@example.com
customer_00633,Customer-00633,customer633@example.com
customer_00634,Customer-00634,customer634@example.com
customer_00635,Customer-00635,customer635@example.com
customer_00636,Customer-00636,customer636@example.com
customer_00637,Customer-00637,customer637@example.com
customer_00638,Customer-00638,customer638@example.com
customer_00639,Customer-00639,customer639@example.com
customer_00640,Customer-00640,customer640@example.com
customer_00641,Customer-00641,customer641@example.com
customer_00642,Customer-00642,customer642@example.com
customer_00643,Customer-00643,customer643@example.com
customer_00644,Customer-00644,customer644@example.com
customer_00645,Customer-00645,customer645@example.com
customer_00646,Customer-00646,customer646@example.com
customer_00647,Customer-00647,customer647@example.com
customer_00648,Customer-00648,customer648@example.com
customer_00649,Customer-00649,customer649@example.com
customer_00650,Customer-00650,customer650@example.com
customer_00651,Customer-00651,customer651@example.com
customer_00652,Customer-00652,customer652@example.com
customer_00653,Customer-00653,customer653@example.com
customer_00654,Customer-00654,customer654@example.com
customer_00655,Customer-00655,customer655@example.com
customer_00656,Customer-00656,customer656@example.com
customer_00657,Customer-00657,customer657@example.com
customer_00658,Customer-00658,customer658@example.com
customer_00659,Customer-00659,customer659@example.com
customer_00660,Customer-00660,customer660@example.com
customer_00661,Customer-00661,customer661@example.com
customer_00662,Customer-00662,customer662@example.com
customer_00663,Customer-00663,customer663@example.com
customer_00664,Customer-00664,customer664@example.com
customer_00665,Customer-00665,customer665@example.com
customer_00666,Customer-00666,customer666@example.com
customer_00667,Customer-00667,customer667@example.com
customer_00668,Customer-00668,customer668@example.com
customer_00669,Customer-00669,customer669@example.com
customer_00670,Customer-00670,customer670@example.com
customer_00671,Customer-00671,customer671@example.com
customer_00672,Customer-00672,customer672@example.com
customer_00673,Customer-00673,customer673@example.com
customer_00674,Customer-00674,customer674@example.com
customer_00675,Customer-00675,customer675@example.com
customer_00676,Customer-00676,customer676@example.com
customer_00677,Customer-00677,customer677@example.com
customer_00678,Customer-00678,customer678@example.com
customer_00679,Customer-00679,customer679@example.com
customer_00680,Customer-00680,customer680@example.com
customer_00681,Customer-00681,customer681@example.com
customer_00682,Customer-00682,customer682@example.com
customer_00683,Customer-00683,customer683@example.com
customer_00684,Customer-00684,customer684@example.com
customer_00685,Customer-00685,customer685@example.com
customer_00686,Customer-00686,customer686@example.com
customer_00687,Customer-00687,customer687@example.com
customer_00688,Customer-00688,customer688@example.com
customer_00689,Customer-00689,customer689@example.com
customer_00690,Customer-00690,customer690@example.com
customer_00691,Customer-00691,customer691@example.com
customer_00692,Customer-00692,customer692@example.com
customer_00693,Customer-00693,customer693@example.com
customer_00694,Customer-00694,customer694@example.com
customer_00695,Customer-00695,customer695@example.com
customer_00696,Customer-00696,customer696@example.com
customer_00697,Customer-00697,customer697@example.com
customer_00698,Customer-00698,customer698@example.com
customer_00699,Customer-00699,customer699@example.com
customer_00700,Customer-00700,customer700@example.com
customer_00701,Customer-00701,customer701@example.com
customer_00702,Customer-00702,customer702@example.com
customer_00703,Customer-00703,customer703@example.com
customer_00704,Customer-00704,customer704@example.com
customer_00705,Customer-00705,customer705@example.com
customer_00706,Customer-00706,customer706@example.com
customer_00707,Customer-00707,customer707@example.com
customer_00708,Customer-00708,customer708@example.com
customer_00709,Customer-00709,customer709@example.com
customer_00710,Customer-00710,customer710@example.com
customer_00711,Customer-00711,customer711@example.com
customer_00712,Customer-00712,customer712@example.com
customer_00713,Customer-00713,customer713@example.com
customer_00714,Customer-00714,customer714@example.com
customer_00715,Customer-00715,customer715@example.com
customer_00716,Customer-00716,customer716@example.com
customer_00717,Customer-00717,customer717@example.com
customer_00718,Customer-00718,customer718@example.com
customer_00719,Customer-00719,customer719@example.com
customer_00720,Customer-00720,customer720@example.com
customer_00721,Customer-00721,customer721@example.com
customer_00722,Customer-00722,customer722@example.com
customer_00723,Customer-00723,customer723@example.com
customer_00724,Customer-00724,customer724@example.com
customer_00725,Customer-00725,customer725@example.com
customer_00726,Customer-00726,customer726@example.com
customer_00727,Customer-00727,customer727@example.com
customer_00728,Customer-00728,customer728@example.com
customer_00729,Customer-00729,customer729@example.com
customer_00730,Customer-00730,customer730@example.com
customer_00731,Customer-00731,customer731@example.com
customer_00732,Customer-00732,customer732@example.com
customer_00733,Customer-00733,customer733@example.com
customer_00734,Customer-00734,customer734@example.com
customer_00735,Customer-00735,customer735@example.com
customer_00736,Customer-00736,customer736@example.com
customer_00737,Customer-00737,customer737@example.com
customer_00738,Customer-00738,customer738@example.com
customer_00739,Customer-00739,customer739@example.com
customer_00740,Customer-00740,customer740@example.com
customer_00741,Customer-00741,customer741@example.com
customer_00742,Customer-00742,customer742@example.com
customer_00743,Customer-00743,customer743@example.com
customer_00744,Customer-00744,customer744@example.com
customer_00745,Customer-00745,customer745@example.com
customer_00746,Customer-00746,customer746@example.com
customer_00747,Customer-00747,customer747@example.com
customer_00748,Customer-00748,customer748@example.com
customer_00749,Customer-00749,customer749@example.com
customer_00750,Customer-00750,customer750@example.com
customer_00751,Customer-00751,customer751@example.com
customer_00752,Customer-00752,customer752@example.com
customer_00753,Customer-00753,customer753@example.com
customer_00754,Customer-00754,customer754@example.com
customer_00755,Customer-00755,customer755@example.com
customer_00756,Customer-00756,customer756@example.com
customer_00757,Customer-00757,customer757@example.com
customer_00758,Customer-00758,customer758@example.com
customer_00759,Customer-00759,customer759@example.com
customer_00760,Customer-00760,customer760@example.com
customer_00761,Customer-00761,customer761@example.com
customer_00762,Customer-00762,customer762@example.com
customer_00763,Customer-00763,customer763@example.com
customer_00764,Customer-00764,customer764@example.com
customer_00765,Customer-00765,customer765@example.com
customer_00766,Customer-00766,customer766@example.com
customer_00767,Customer-00767,customer767@example.com
customer_00768,Customer-00768,customer768@example.com
customer_00769,Customer-00769,customer769@example.com
customer_00770,Customer-00770,customer770@example.com
customer_00771,Customer-00771,customer771@example.com
customer_00772,Customer-00772,customer772@example.com
customer_00773,Customer-00773,customer773@example.com
customer_00774,Customer-00774,customer774@example.com
customer_00775,Customer-00775,customer775@example.com
customer_00776,Customer-00776,customer776@example.com
customer_00777,Customer-00777,customer777@example.com
customer_00778,Customer-00778,customer778@example.com
customer_00779,Customer-00779,customer779@example.com
customer_00780,Customer-00780,customer780@example.com
customer_00781,Customer-00781,customer781@example.com
customer_00782,Customer-00782,customer782@example.com
customer_00783,Customer-00783,customer783@example.com
customer_00784,Customer-00784,customer784@example.com
customer_00785,Customer-00785,customer785@example.com
customer_00786,Customer-00786,customer786@example.com
customer_00787,Customer-00787,customer787@example.com
customer_00788,Customer-00788,customer788@example.com
customer_00789,Customer-00789,customer789@example.com
customer_00790,Customer-00790,customer790@example.com
customer_00791,Customer-00791,customer791@example.com
customer_00792,Customer-00792,customer792@example.com
customer_00793,Customer-00793,customer793@example.com
customer_00794,Customer-00794,customer794@example.com
customer_00795,Customer-00795,customer795@example.com
customer_00796,Customer-00796,customer796@example.com
customer_00797,Customer-00797,customer797@example.com
customer_00798,Customer-00798,customer798@example.com
customer_00799,Customer-00799,customer799@example.com
customer_00800,Customer-00800,customer800@example.com
customer_00801,Customer-00801,customer801@example.com
customer_00802,Customer-00802,customer802@example.com
customer_00803,Customer-00803,customer803@example.com
customer_00804,Customer-00804,customer804@example.com
customer_00805,Customer-00805,customer805@example.com
customer_00806,Customer-00806,customer806@example.com
customer_00807,Customer-00807,customer807@example.com
customer_00808,Customer-00808,customer808@example.com
customer_00809,Customer-00809,customer809@example.com
customer_00810,Customer-00810,customer810@example.com
customer_00811,Customer-00811,customer811@example.com
customer_00812,Customer-00812,customer812@example.com
customer_00813,Customer-00813,customer813@example.com
customer_00814,Customer-00814,customer814@example.com
customer_00815,Customer-00815,customer815@example.com
customer_00816,Customer-00816,customer816@example.com
customer_00817,Customer-00817,customer817@example.com
customer_00818,Customer-00818,customer818@example.com
customer_00819,Customer-00819,customer819@example.com
customer_00820,Customer-00820,customer820@example.com
customer_00821,Customer-00821,customer821@example.com
customer_00822,Customer-00822,customer822@example.com
customer_00823,Customer-00823,customer823@example.com
customer_00824,Customer-00824,customer824@example.com
customer_00825,Customer-00825,customer825@example.com
customer_00826,Customer-00826,customer826@example.com
customer_00827,Customer-00827,customer827@example.com
customer_00828,Customer-00828,customer828@example.com
customer_00829,Customer-00829,customer829@example.com
customer_00830,Customer-00830,customer830@example.com
customer_00831,Customer-00831,customer831@example.com
customer_00832,Customer-00832,customer832@example.com
customer_00833,Customer-00833,customer833@example.com
customer_00834,Customer-00834,customer834@example.com
customer_00835,Customer-00835,customer835@example.com
customer_00836,Customer-00836,customer836@example.com
customer_00837,Customer-00837,customer837@example.com
customer_00838,Customer-00838,customer838@example.com
customer_00839,Customer-00839,customer839@example.com
customer_00840,Customer-00840,customer840@example.com
customer_00841,Customer-00841,customer841@example.com
customer_00842,Customer-00842,customer842@example.com
customer_00843,Customer-00843,customer843@example.com
customer_00844,Customer-00844,customer844@example.com
customer_00845,Customer-00845,customer845@example.com
customer_00846,Customer-00846,customer846@example.com
customer_00847,Customer-00847,customer847@example.com
customer_00848,Customer-00848,customer848@example.com
customer_00849,Customer-00849,customer849@example.com
customer_00850,Customer-00850,customer850@example.com
customer_00851,Customer-00851,customer851@example.com
customer_00852,Customer-00852,customer852@example.com
customer_00853,Customer-00853,customer853@example.com
customer_00854,Customer-00854,customer854@example.com
customer_00855,Customer-00855,customer855@example.com
customer_00856,Customer-00856,customer856@example.com
customer_00857,Customer-00857,customer857@example.com
customer_00858,Customer-00858,customer858@example.com
customer_00859,Customer-00859,customer859@example.com
customer_00860,Customer-00860,customer860@example.com
customer_00861,Customer-00861,customer861@example.com
customer_00862,Customer-00862,customer862@example.com
customer_00863,Customer-00863,customer863@example.com
customer_00864,Customer-00864,customer864@example.com
customer_00865,Customer-00865,customer865@example.com
customer_00866,Customer-00866,customer866@example.com
customer_00867,Customer-00867,customer867@example.com
customer_00868,Customer-00868,customer868@example.com
customer_00869,Customer-00869,customer869@example.com
customer_00870,Customer-00870,customer870@example.com
customer_00871,Customer-00871,customer871@example.com
customer_00872,Customer-00872,customer872@example.com
customer_00873,Customer-00873,customer873@example.com
customer_00874,Customer-00874,customer874@example.com
customer_00875,Customer-00875,customer875@example.com
customer_00876,Customer-00876,customer876@example.com
customer_00877,Customer-00877,customer877@example.com
customer_00878,Customer-00878,customer878@example.com
customer_00879,Customer-00879,customer879@example.com
customer_00880,Customer-00880,customer880@example.com
customer_00881,Customer-00881,customer881@example.com
customer_00882,Customer-00882,customer882@example.com
customer_00883,Customer-00883,customer883@example.com
customer_00884,Customer-00884,customer884@example.com
customer_00885,Customer-00885,customer885@example.com
customer_00886,Customer-00886,customer886@example.com
customer_00887,Customer-00887,customer887@example.com
customer_00888,Customer-00888,customer888@example.com
customer_00889,Customer-00889,customer889@example.com
customer_00890,Customer-00890,customer890@example.com
customer_00891,Customer-00891,customer891@example.com
customer_00892,Customer-00892,customer892@example.com
customer_00893,Customer-00893,customer893@example.com
customer_00894,Customer-00894,customer894@example.com
customer_00895,Customer-00895,customer895@example.com
customer_00896,Customer-00896,customer896@example.com
customer_00897,Customer-00897,customer897@example.com
customer_00898,Customer-00898,customer898@example.com
customer_00899,Customer-00899,customer899@example.com
customer_00900,Customer-00900,customer900@example.com
customer_00901,Customer-00901,customer901@example.com
customer_00902,Customer-00902,customer902@example.com
customer_00903,Customer-00903,customer903@example.com
customer_00904,Customer-00904,customer904@example.com
customer_00905,Customer-00905,customer905@example.com
customer_00906,Customer-00906,customer906@example.com
customer_00907,Customer-00907,customer907@example.com
customer_00908,Customer-00908,customer908@example.com
customer_00909,Customer-00909,customer909@example.com
customer_00910,Customer-00910,customer910@example.com
customer_00911,Customer-00911,customer911@example.com
customer_00912,Customer-00912,customer912@example.com
customer_00913,Customer-00913,customer913@example.com
customer_00914,Customer-00914,customer914@example.com
customer_00915,Customer-00915,customer915@example.com
customer_00916,Customer-00916,customer916@example.com
customer_00917,Customer-00917,customer917@example.com
customer_00918,Customer-00918,customer918@example.com
customer_00919,Customer-00919,customer919@example.com
customer_00920,Customer-00920,customer920@example.com
customer_00921,Customer-00921,customer921@example.com
customer_00922,Customer-00922,customer922@example.com
customer_00923,Customer-00923,customer923@example.com
customer_00924,Customer-00924,customer924@example.com
customer_00925,Customer-00925,customer925@example.com
customer_00926,Customer-00926,customer926@example.com
customer_00927,Customer-00927,customer927@example.com
customer_00928,Customer-00928,customer928@example.com
customer_00929,Customer-00929,customer929@example.com
customer_00930,Customer-00930,customer930@example.com
customer_00931,Customer-00931,customer931@example.com
customer_00932,Customer-00932,customer932@example.com
customer_00933,Customer-00933,customer933@example.com
customer_00934,Customer-00934,customer934@example.com
customer_00935,Customer-00935,customer935@example.com
customer_00936,Customer-00936,customer936@example.com
customer_00937,Customer-00937,customer937@example.com
customer_00938,Customer-00938,customer938@example.com
customer_00939,Customer-00939,customer939@example.com
customer_00940,Customer-00940,customer940@example.com
customer_00941,Customer-00941,customer941@example.com
customer_00942,Customer-00942,customer942@example.com
customer_00943,Customer-00943,customer943@example.com
customer_00944,Customer-00944,customer944@example.com
customer_00945,Customer-00945,customer945@example.com
customer_00946,Customer-00946,customer946@example.com
customer_00947,Customer-00947,customer947@example.com
customer_00948,Customer-00948,customer948@example.com
customer_00949,Customer-00949,customer949@example.com
customer_00950,Customer-00950,customer950@example.com
customer_00951,Customer-00951,customer951@example.com
customer_00952,Customer-00952,customer952@example.com
customer_00953,Customer-00953,customer953@example.com
customer_00954,Customer-00954,customer954@example.com
customer_00955,Customer-00955,customer955@example.com
customer_00956,Customer-00956,customer956@example.com
customer_00957,Customer-00957,customer957@example.com
customer_00958,Customer-00958,customer958@example.com
customer_00959,Customer-00959,customer959@example.com
customer_00960,Customer-00960,customer960@example.com
customer_00961,Customer-00961,customer961@example.com
customer_00962,Customer-00962,customer962@example.com
customer_00963,Customer-00963,customer963@example.com
customer_00964,Customer-00964,customer964@example.com
customer_00965,Customer-00965,customer965@example.com
customer_00966,Customer-00966,customer966@example.com
customer_00967,Customer-00967,customer967@example.com
customer_00968,Customer-00968,customer968@example.com
customer_00969,Customer-00969,customer969@example.com
customer_00970,Customer-00970,customer970@example.com
customer_00971,Customer-00971,customer971@example.com
customer_00972,Customer-00972,customer972@example.com
customer_00973,Customer-00973,customer973@example.com
customer_00974,Customer-00974,customer974@example.com
customer_00975,Customer-00975,customer975@example.com
customer_00976,Customer-00976,customer976@example.com
customer_00977,Customer-00977,customer977@example.com
customer_00978,Customer-00978,customer978@example.com
customer_00979,Customer-00979,customer979@example.com
customer_00980,Customer-00980,customer980@example.com
customer_00981,Customer-00981,customer981@example.com
customer_00982,Customer-00982,customer982@example.com
customer_00983,Customer-00983,customer983@example.com
customer_00984,Customer-00984,customer984@example.com
customer_00985,Customer-00985,customer985@example.com
customer_00986,Customer-00986,customer986@example.com
customer_00987,Customer-00987,customer987@example.com
customer_00988,Customer-00988,customer988@example.com
customer_00989,Customer-00989,customer989@example.com
customer_00990,Customer-00990,customer990@example.com
customer_00991,Customer-00991,customer991@example.com
customer_00992,Customer-00992,customer992@example.com
customer_00993,Customer-00993,customer993@example.com
customer_00994,Customer-00994,customer994@example.com
customer_00995,Customer-00995,customer995@example.com
customer_00996,Customer-00996,customer996@example.com
customer_00997,Customer-00997,customer997@example.com
customer_00998,Customer-00998,customer998@example.com
customer_00999,Customer-00999,customer999@example.com
customer_01000,Customer-01000,customer1000@example.com
customer_01001,Customer-01001,customer1001@example.com
customer_01002,Customer-01002,customer1002@example.com
customer_01003,Customer-01003,customer1003@example.com
customer_01004,Customer-01004,customer1004@example.com
customer_01005,Customer-01005,customer1005@example.com
customer_01006,Customer-01006,customer1006@example.com
customer_01007,Customer-01007,customer1007@example.com
customer_01008,Customer-01008,customer1008@example.com
customer_01009,Customer-01009,customer1009@example.com
customer_01010,Customer-01010,customer1010@example.com
customer_01011,Customer-01011,customer1011@example.com
customer_01012,Customer-01012,customer1012@example.com
customer_01013,Customer-01013,customer1013@example.com
customer_01014,Customer-01014,customer1014@example.com
customer_01015,Customer-01015,customer1015@example.com
customer_01016,Customer-01016,customer1016@example.com
customer_01017,Customer-01017,customer1017@example.com
customer_01018,Customer-01018,customer1018@example.com
customer_01019,Customer-01019,customer1019@example.com
customer_01020,Customer-01020,customer1020@example.com
customer_01021,Customer-01021,customer1021@example.com
customer_01022,Customer-01022,customer1022@example.com
customer_01023,Customer-01023,customer1023@example.com
customer_01024,Customer-01024,customer1024@example.com
customer_01025,Customer-01025,customer1025@example.com
customer_01026,Customer-01026,customer1026@example.com
customer_01027,Customer-01027,customer1027@example.com
customer_01028,Customer-01028,customer1028@example.com
customer_01029,Customer-01029,customer1029@example.com
customer_01030,Customer-01030,customer1030@example.com
customer_01031,Customer-01031,customer1031@example.com
customer_01032,Customer-01032,customer1032@example.com
customer_01033,Customer-01033,customer1033@example.com
customer_01034,Customer-01034,customer1034@example.com
customer_01035,Customer-01035,customer1035@example.com
customer_01036,Customer-01036,customer1036@example.com
customer_01037,Customer-01037,customer1037@example.com
customer_01038,Customer-01038,customer1038@example.com
customer_01039,Customer-01039,customer1039@example.com
customer_01040,Customer-01040,customer1040@example.com
customer_01041,Customer-01041,customer1041@example.com
customer_01042,Customer-01042,customer1042@example.com
customer_01043,Customer-01043,customer1043@example.com
customer_01044,Customer-01044,customer1044@example.com
customer_01045,Customer-01045,customer1045@example.com
customer_01046,Customer-01046,customer1046@example.com
customer_01047,Customer-01047,customer1047@example.com
customer_01048,Customer-01048,customer1048@example.com
customer_01049,Customer-01049,customer1049@example.com
customer_01050,Customer-01050,customer1050@example.com
customer_01051,Customer-01051,customer1051@example.com
customer_01052,Customer-01052,customer1052@example.com
customer_01053,Customer-01053,customer1053@example.com
customer_01054,Customer-01054,customer1054@example.com
customer_01055,Customer-01055,customer1055@example.com
customer_01056,Customer-01056,customer1056@example.com
customer_01057,Customer-01057,customer1057@example.com
customer_01058,Customer-01058,customer1058@example.com
customer_01059,Customer-01059,customer1059@example.com
customer_01060,Customer-01060,customer1060@example.com
customer_01061,Customer-01061,customer1061@example.com
customer_01062,Customer-01062,customer1062@example.com
customer_01063,Customer-01063,customer1063@example.com
customer_01064,Customer-01064,customer1064@example.com
customer_01065,Customer-01065,customer1065@example.com
customer_01066,Customer-01066,customer1066@example.com
customer_01067,Customer-01067,customer1067@example.com
customer_01068,Customer-01068,customer1068@example.com
customer_01069,Customer-01069,customer1069@example.com
customer_01070,Customer-01070,customer1070@example.com
customer_01071,Customer-01071,customer1071@example.com
customer_01072,Customer-01072,customer1072@example.com
customer_01073,Customer-01073,customer1073@example.com
customer_01074,Customer-01074,customer1074@example.com
customer_01075,Customer-01075,customer1075@example.com
customer_01076,Customer-01076,customer1076@example.com
customer_01077,Customer-01077,customer1077@example.com
customer_01078,Customer-01078,customer1078@example.com
customer_01079,Customer-01079,customer1079@example.com
customer_01080,Customer-01080,customer1080@example.com
customer_01081,Customer-01081,customer1081@example.com
customer_01082,Customer-01082,customer1082@example.com
customer_01083,Customer-01083,customer1083@example.com
customer_01084,Customer-01084,customer1084@example.com
customer_01085,Customer-01085,customer1085@example.com
customer_01086,Customer-01086,customer1086@example.com
customer_01087,Customer-01087,customer1087@example.com
customer_01088,Customer-01088,customer1088@example.com
customer_01089,Customer-01089,customer1089@example.com
customer_01090,Customer-01090,customer1090@example.com
customer_01091,Customer-01091,customer1091@example.com
customer_01092,Customer-01092,customer1092@example.com
customer_01093,Customer-01093,customer1093@example.com
customer_01094,Customer-01094,customer1094@example.com
customer_01095,Customer-01095,customer1095@example.com
customer_01096,Customer-01096,customer1096@example.com
customer_01097,Customer-01097,customer1097@example.com
customer_01098,Customer-01098,customer1098@example.com
customer_01099,Customer-01099,customer1099@example.com
customer_01100,Customer-01100,customer1100@example.com
customer_01101,Customer-01101,customer1101@example.com
customer_01102,Customer-01102,customer1102@example.com
customer_01103,Customer-01103,customer1103@example.com
customer_01104,Customer-01104,customer1104@example.com
customer_01105,Customer-01105,customer1105@example.com
customer_01106,Customer-01106,customer1106@example.com
customer_01107,Customer-01107,customer1107@example.com
customer_01108,Customer-01108,customer1108@example.com
customer_01109,Customer-01109,customer1109@example.com
customer_01110,Customer-01110,customer1110@example.com
customer_01111,Customer-01111,customer1111@example.com
customer_01112,Customer-01112,customer1112@example.com
customer_01113,Customer-01113,customer1113@example.com
customer_01114,Customer-01114,customer1114@example.com
customer_01115,Customer-01115,customer1115@example.com
customer_01116,Customer-01116,customer1116@example.com
customer_01117,Customer-01117,customer1117@example.com
customer_01118,Customer-01118,customer1118@example.com
customer_01119,Customer-01119,customer1119@example.com
customer_01120,Customer-01120,customer1120@example.com
customer_01121,Customer-01121,customer1121@example.com
customer_01122,Customer-01122,customer1122@example.com
customer_01123,Customer-01123,customer1123@example.com
customer_01124,Customer-01124,customer1124@example.com
customer_01125,Customer-01125,customer1125@example.com
customer_01126,Customer-01126,customer1126@example.com
customer_01127,Customer-01127,customer1127@example.com
customer_01128,Customer-01128,customer1128@example.com
customer_01129,Customer-01129,customer1129@example.com
customer_01130,Customer-01130,customer1130@example.com
customer_01131,Customer-01131,customer1131@example.com
customer_01132,Customer-01132,customer1132@example.com
customer_01133,Customer-01133,customer1133@example.com
customer_01134,Customer-01134,customer1134@example.com
customer_01135,Customer-01135,customer1135@example.com
customer_01136,Customer-01136,customer1136@example.com
customer_01137,Customer-01137,customer1137@example.com
customer_01138,Customer-01138,customer1138@example.com
customer_01139,Customer-01139,customer1139@example.com
customer_01140,Customer-01140,customer1140@example.com
customer_01141,Customer-01141,customer1141@example.com
customer_01142,Customer-01142,customer1142@example.com
customer_01143,Customer-01143,customer1143@example.com
customer_01144,Customer-01144,customer1144@example.com
customer_01145,Customer-01145,customer1145@example.com
customer_01146,Customer-01146,customer1146@example.com
customer_01147,Customer-01147,customer1147@example.com
customer_01148,Customer-01148,customer1148@example.com
customer_01149,Customer-01149,customer1149@example.com
customer_01150,Customer-01150,customer1150@example.com
customer_01151,Customer-01151,customer1151@example.com
customer_01152,Customer-01152,customer1152@example.com
customer_01153,Customer-01153,customer1153@example.com
customer_01154,Customer-01154,customer1154@example.com
customer_01155,Customer-01155,customer1155@example.com
customer_01156,Customer-01156,customer1156@example.com
customer_01157,Customer-01157,customer1157@example.com
customer_01158,Customer-01158,customer1158@example.com
customer_01159,Customer-01159,customer1159@example.com
customer_01160,Customer-01160,customer1160@example.com
customer_01161,Customer-01161,customer1161@example.com
customer_01162,Customer-01162,customer1162@example.com
customer_01163,Customer-01163,customer1163@example.com
customer_01164,Customer-01164,customer1164@example.com
customer_01165,Customer-01165,customer1165@example.com
customer_01166,Customer-01166,customer1166@example.com
customer_01167,Customer-01167,customer1167@example.com
customer_01168,Customer-01168,customer1168@example.com
customer_01169,Customer-01169,customer1169@example.com
customer_01170,Customer-01170,customer1170@example.com
customer_01171,Customer-01171,customer1171@example.com
customer_01172,Customer-01172,customer1172@example.com
customer_01173,Customer-01173,customer1173@example.com
customer_01174,Customer-01174,customer1174@example.com
customer_01175,Customer-01175,customer1175@example.com
customer_01176,Customer-01176,customer1176@example.com
customer_01177,Customer-01177,customer1177@example.com
customer_01178,Customer-01178,customer1178@example.com
customer_01179,Customer-01179,customer1179@example.com
customer_01180,Customer-01180,customer1180@example.com
customer_01181,Customer-01181,customer1181@example.com
customer_01182,Customer-01182,customer1182@example.com
customer_01183,Customer-01183,customer1183@example.com
customer_01184,Customer-01184,customer1184@example.com
customer_01185,Customer-01185,customer1185@example.com
customer_01186,Customer-01186,customer1186@example.com
customer_01187,Customer-01187,customer1187@example.com
customer_01188,Customer-01188,customer1188@example.com
customer_01189,Customer-01189,customer1189@example.com
customer_01190,Customer-01190,customer1190@example.com
customer_01191,Customer-01191,customer1191@example.com
customer_01192,Customer-01192,customer1192@example.com
customer_01193,Customer-01193,customer1193@example.com
customer_01194,Customer-01194,customer1194@example.com
customer_01195,Customer-01195,customer1195@example.com
customer_01196,Customer-01196,customer1196@example.com
customer_01197,Customer-01197,customer1197@example.com
customer_01198,Customer-01198,customer1198@example.com
customer_01199,Customer-01199,customer1199@example.com
customer_01200,Customer-01200,customer1200@example.com
customer_01201,Customer-01201,customer1201@example.com
customer_01202,Customer-01202,customer1202@example.com
customer_01203,Customer-01203,customer1203@example.com
customer_01204,Customer-01204,customer1204@example.com
customer_01205,Customer-01205,customer1205@example.com
customer_01206,Customer-01206,customer1206@example.com
customer_01207,Customer-01207,customer1207@example.com
customer_01208,Customer-01208,customer1208@example.com
customer_01209,Customer-01209,customer1209@example.com
customer_01210,Customer-01210,customer1210@example.com
customer_01211,Customer-01211,customer1211@example.com
customer_01212,Customer-01212,customer1212@example.com
customer_01213,Customer-01213,customer1213@example.com
customer_01214,Customer-01214,customer1214@example.com
customer_01215,Customer-01215,customer1215@example.com
customer_01216,Customer-01216,customer1216@example.com
customer_01217,Customer-01217,customer1217@example.com
customer_01218,Customer-01218,customer1218@example.com
customer_01219,Customer-01219,customer1219@example.com
customer_01220,Customer-01220,customer1220@example.com
customer_01221,Customer-01221,customer1221@example.com
customer_01222,Customer-01222,customer1222@example.com
customer_01223,Customer-01223,customer1223@example.com
customer_01224,Customer-01224,customer1224@example.com
customer_01225,Customer-01225,customer1225@example.com
customer_01226,Customer-01226,customer1226@example.com
customer_01227,Customer-01227,customer1227@example.com
customer_01228,Customer-01228,customer1228@example.com
customer_01229,Customer-01229,customer1229@example.com
customer_01230,Customer-01230,customer1230@example.com
customer_01231,Customer-01231,customer1231@example.com
customer_01232,Customer-01232,customer1232@example.com
customer_01233,Customer-01233,customer1233@example.com
customer_01234,Customer-01234,customer1234@example.com
customer_01235,Customer-01235,customer1235@example.com
customer_01236,Customer-01236,customer1236@example.com
customer_01237,Customer-01237,customer1237@example.com
customer_01238,Customer-01238,customer1238@example.com
customer_01239,Customer-01239,customer1239@example.com
customer_01240,Customer-01240,customer1240@example.com
customer_01241,Customer-01241,customer1241@example.com
customer_01242,Customer-01242,customer1242@example.com
customer_01243,Customer-01243,customer1243@example.com
customer_01244,Customer-01244,customer1244@example.com
customer_01245,Customer-01245,customer1245@example.com
customer_01246,Customer-01246,customer1246@example.com
customer_01247,Customer-01247,customer1247@example.com
customer_01248,Customer-01248,customer1248@example.com
customer_01249,Customer-01249,customer1249@example.com
customer_01250,Customer-01250,customer1250@example.com
customer_01251,Customer-01251,customer1251@example.com
customer_01252,Customer-01252,customer1252@example.com
customer_01253,Customer-01253,customer1253@example.com
customer_01254,Customer-01254,customer1254@example.com
customer_01255,Customer-01255,customer1255@example.com
customer_01256,Customer-01256,customer1256@example.com
customer_01257,Customer-01257,customer1257@example.com
customer_01258,Customer-01258,customer1258@example.com
customer_01259,Customer-01259,customer1259@example.com
customer_01260,Customer-01260,customer1260@example.com
customer_01261,Customer-01261,customer1261@example.com
customer_01262,Customer-01262,customer1262@example.com
customer_01263,Customer-01263,customer1263@example.com
customer_01264,Customer-01264,customer1264@example.com
customer_01265,Customer-01265,customer1265@example.com
customer_01266,Customer-01266,customer1266@example.com
customer_01267,Customer-01267,customer1267@example.com
customer_01268,Customer-01268,customer1268@example.com
customer_01269,Customer-01269,customer1269@example.com
customer_01270,Customer-01270,customer1270@example.com
customer_01271,Customer-01271,customer1271@example.com
customer_01272,Customer-01272,customer1272@example.com
customer_01273,Customer-01273,customer1273@example.com
customer_01274,Customer-01274,customer1274@example.com
customer_01275,Customer-01275,customer1275@example.com
customer_01276,Customer-01276,customer1276@example.com
customer_01277,Customer-01277,customer1277@example.com
customer_01278,Customer-01278,customer1278@example.com
customer_01279,Customer-01279,customer1279@example.com
customer_01280,Customer-01280,customer1280@example.com
customer_01281,Customer-01281,customer1281@example.com
customer_01282,Customer-01282,customer1282@example.com
customer_01283,Customer-01283,customer1283@example.com
customer_01284,Customer-01284,customer1284@example.com
customer_01285,Customer-01285,customer1285@example.com
customer_01286,Customer-01286,customer1286@example.com
customer_01287,Customer-01287,customer1287@example.com
customer_01288,Customer-01288,customer1288@example.com
customer_01289,Customer-01289,customer1289@example.com
customer_01290,Customer-01290,customer1290@example.com
customer_01291,Customer-01291,customer1291@example.com
customer_01292,Customer-01292,customer1292@example.com
customer_01293,Customer-01293,customer1293@example.com
customer_01294,Customer-01294,customer1294@example.com
customer_01295,Customer-01295,customer1295@example.com
customer_01296,Customer-01296,customer1296@example.com
customer_01297,Customer-01297,customer1297@example.com
customer_01298,Customer-01298,customer1298@example.com
customer_01299,Customer-01299,customer1299@example.com
customer_01300,Customer-01300,customer1300@example.com
customer_01301,Customer-01301,customer1301@example.com
customer_01302,Customer-01302,customer1302@example.com
customer_01303,Customer-01303,customer1303@example.com
customer_01304,Customer-01304,customer1304@example.com
customer_01305,Customer-01305,customer1305@example.com
customer_01306,Customer-01306,customer1306@example.com
customer_01307,Customer-01307,customer1307@example.com
customer_01308,Customer-01308,customer1308@example.com
customer_01309,Customer-01309,customer1309@example.com
customer_01310,Customer-01310,customer1310@example.com
customer_01311,Customer-01311,customer1311@example.com
customer_01312,Customer-01312,customer1312@example.com
customer_01313,Customer-01313,customer1313@example.com
customer_01314,Customer-01314,customer1314@example.com
customer_01315,Customer-01315,customer1315@example.com
customer_01316,Customer-01316,customer1316@example.com
customer_01317,Customer-01317,customer1317@example.com
customer_01318,Customer-01318,customer1318@example.com
customer_01319,Customer-01319,customer1319@example.com
customer_01320,Customer-01320,customer1320@example.com
customer_01321,Customer-01321,customer1321@example.com
customer_01322,Customer-01322,customer1322@example.com
customer_01323,Customer-01323,customer1323@example.com
customer_01324,Customer-01324,customer1324@example.com
customer_01325,Customer-01325,customer1325@example.com
customer_01326,Customer-01326,customer1326@example.com
customer_01327,Customer-01327,customer1327@example.com
customer_01328,Customer-01328,customer1328@example.com
customer_01329,Customer-01329,customer1329@example.com
customer_01330,Customer-01330,customer1330@example.com
customer_01331,Customer-01331,customer1331@example.com
customer_01332,Customer-01332,customer1332@example.com
customer_01333,Customer-01333,customer1333@example.com
customer_01334,Customer-01334,customer1334@example.com
customer_01335,Customer-01335,customer1335@example.com
customer_01336,Customer-01336,customer1336@example.com
customer_01337,Customer-01337,customer1337@example.com
customer_01338,Customer-01338,customer1338@example.com
customer_01339,Customer-01339,customer1339@example.com
customer_01340,Customer-01340,customer1340@example.com
customer_01341,Customer-01341,customer1341@example.com
customer_01342,Customer-01342,customer1342@example.com
customer_01343,Customer-01343,customer1343@example.com
customer_01344,Customer-01344,customer1344@example.com
customer_01345,Customer-01345,customer1345@example.com
customer_01346,Customer-01346,customer1346@example.com
customer_01347,Customer-01347,customer1347@example.com
customer_01348,Customer-01348,customer1348@example.com
customer_01349,Customer-01349,customer1349@example.com
customer_01350,Customer-01350,customer1350@example.com
customer_01351,Customer-01351,customer1351@example.com
customer_01352,Customer-01352,customer1352@example.com
customer_01353,Customer-01353,customer1353@example.com
customer_01354,Customer-01354,customer1354@example.com
customer_01355,Customer-01355,customer1355@example.com
customer_01356,Customer-01356,customer1356@example.com
customer_01357,Customer-01357,customer1357@example.com
customer_01358,Customer-01358,customer1358@example.com
customer_01359,Customer-01359,customer1359@example.com
customer_01360,Customer-01360,customer1360@example.com
customer_01361,Customer-01361,customer1361@example.com
customer_01362,Customer-01362,customer1362@example.com
customer_01363,Customer-01363,customer1363@example.com
customer_01364,Customer-01364,customer1364@example.com
customer_01365,Customer-01365,customer1365@example.com
customer_01366,Customer-01366,customer1366@example.com
customer_01367,Customer-01367,customer1367@example.com
customer_01368,Customer-01368,customer1368@example.com
customer_01369,Customer-01369,customer1369@example.com
customer_01370,Customer-01370,customer1370@example.com
customer_01371,Customer-01371,customer1371@example.com
customer_01372,Customer-01372,customer1372@example.com
customer_01373,Customer-01373,customer1373@example.com
customer_01374,Customer-01374,customer1374@example.com
customer_01375,Customer-01375,customer1375@example.com
customer_01376,Customer-01376,customer1376@example.com
customer_01377,Customer-01377,customer1377@example.com
customer_01378,Customer-01378,customer1378@example.com
customer_01379,Customer-01379,customer1379@example.com
customer_01380,Customer-01380,customer1380@example.com
customer_01381,Customer-01381,customer1381@example.com
customer_01382,Customer-01382,customer1382@example.com
customer_01383,Customer-01383,customer1383@example.com
customer_01384,Customer-01384,customer1384@example.com
customer_01385,Customer-01385,customer1385@example.com
customer_01386,Customer-01386,customer1386@example.com
customer_01387,Customer-01387,customer1387@example.com
customer_01388,Customer-01388,customer1388@example.com
customer_01389,Customer-01389,customer1389@example.com
customer_01390,Customer-01390,customer1390@example.com
customer_01391,Customer-01391,customer1391@example.com
customer_01392,Customer-01392,customer1392@example.com
customer_01393,Customer-01393,customer1393@example.com
customer_01394,Customer-01394,customer1394@example.com
customer_01395,Customer-01395,customer1395@example.com
customer_01396,Customer-01396,customer1396@example.com
customer_01397,Customer-01397,customer1397@example.com
customer_01398,Customer-01398,customer1398@example.com
customer_01399,Customer-01399,customer1399@example.com
customer_01400,Customer-01400,customer1400@example.com
customer_01401,Customer-01401,customer1401@example.com
customer_01402,Customer-01402,customer1402@example.com
customer_01403,Customer-01403,customer1403@example.com
customer_01404,Customer-01404,customer1404@example.com
customer_01405,Customer-01405,customer1405@example.com
customer_01406,Customer-01406,customer1406@example.com
customer_01407,Customer-01407,customer1407@example.com
customer_01408,Customer-01408,customer1408@example.com
customer_01409,Customer-01409,customer1409@example.com
customer_01410,Customer-01410,customer1410@example.com
customer_01411,Customer-01411,customer1411@example.com
customer_01412,Customer-01412,customer1412@example.com
customer_01413,Customer-01413,customer1413@example.com
customer_01414,Customer-01414,customer1414@example.com
customer_01415,Customer-01415,customer1415@example.com
customer_01416,Customer-01416,customer1416@example.com
customer_01417,Customer-01417,customer1417@example.com
customer_01418,Customer-01418,customer1418@example.com
customer_01419,Customer-01419,customer1419@example.com
customer_01420,Customer-01420,customer1420@example.com
customer_01421,Customer-01421,customer1421@example.com
customer_01422,Customer-01422,customer1422@example.com
customer_01423,Customer-01423,customer1423@example.com
customer_01424,Customer-01424,customer1424@example.com
customer_01425,Customer-01425,customer1425@example.com
customer_01426,Customer-01426,customer1426@example.com
customer_01427,Customer-01427,customer1427@example.com
customer_01428,Customer-01428,customer1428@example.com
customer_01429,Customer-01429,customer1429@example.com
customer_01430,Customer-01430,customer1430@example.com
customer_01431,Customer-01431,customer1431@example.com
customer_01432,Customer-01432,customer1432@example.com
customer_01433,Customer-01433,customer1433@example.com
customer_01434,Customer-01434,customer1434@example.com
customer_01435,Customer-01435,customer1435@example.com
customer_01436,Customer-01436,customer1436@example.com
customer_01437,Customer-01437,customer1437@example.com
customer_01438,Customer-01438,customer1438@example.com
customer_01439,Customer-01439,customer1439@example.com
customer_01440,Customer-01440,customer1440@example.com
customer_01441,Customer-01441,customer1441@example.com
customer_01442,Customer-01442,customer1442@example.com
customer_01443,Customer-01443,customer1443@example.com
customer_01444,Customer-01444,customer1444@example.com
customer_01445,Customer-01445,customer1445@example.com
customer_01446,Customer-01446,customer1446@example.com
customer_01447,Customer-01447,customer1447@example.com
customer_01448,Customer-01448,customer1448@example.com
customer_01449,Customer-01449,customer1449@example.com
customer_01450,Customer-01450,customer1450@example.com
customer_01451,Customer-01451,customer1451@example.com
customer_01452,Customer-01452,customer1452@example.com
customer_01453,Customer-01453,customer1453@example.com
customer_01454,Customer-01454,customer1454@example.com
customer_01455,Customer-01455,customer1455@example.com
customer_01456,Customer-01456,customer1456@example.com
customer_01457,Customer-01457,customer1457@example.com
customer_01458,Customer-01458,customer1458@example.com
customer_01459,Customer-01459,customer1459@example.com
customer_01460,Customer-01460,customer1460@example.com
customer_01461,Customer-01461,customer1461@example.com
customer_01462,Customer-01462,customer1462@example.com
customer_01463,Customer-01463,customer1463@example.com
customer_01464,Customer-01464,customer1464@example.com
customer_01465,Customer-01465,customer1465@example.com
customer_01466,Customer-01466,customer1466@example.com
customer_01467,Customer-01467,customer1467@example.com
customer_01468,Customer-01468,customer1468@example.com
customer_01469,Customer-01469,customer1469@example.com
customer_01470,Customer-01470,customer1470@example.com
customer_01471,Customer-01471,customer1471@example.com
customer_01472,Customer-01472,customer1472@example.com
customer_01473,Customer-01473,customer1473@example.com
customer_01474,Customer-01474,customer1474@example.com
customer_01475,Customer-01475,customer1475@example.com
customer_01476,Customer-01476,customer1476@example.com
customer_01477,Customer-01477,customer1477@example.com
customer_01478,Customer-01478,customer1478@example.com
customer_01479,Customer-01479,customer1479@example.com
customer_01480,Customer-01480,customer1480@example.com
customer_01481,Customer-01481,customer1481@example.com
customer_01482,Customer-01482,customer1482@example.com
customer_01483,Customer-01483,customer1483@example.com
customer_01484,Customer-01484,customer1484@example.com
customer_01485,Customer-01485,customer1485@example.com
customer_01486,Customer-01486,customer1486@example.com
customer_01487,Customer-01487,customer1487@example.com
customer_01488,Customer-01488,customer1488@example.com
customer_01489,Customer-01489,customer1489@example.com
customer_01490,Customer-01490,customer1490@example.com
customer_01491,Customer-01491,customer1491@example.com
customer_01492,Customer-01492,customer1492@example.com
customer_01493,Customer-01493,customer1493@example.com
customer_01494,Customer-01494,customer1494@example.com
customer_01495,Customer-01495,customer1495@example.com
customer_01496,Customer-01496,customer1496@example.com
customer_01497,Customer-01497,customer1497@example.com
customer_01498,Customer-01498,customer1498@example.com
customer_01499,Customer-01499,customer1499@example.com
customer_01500,Customer-01500,customer1500@example.com
customer_01501,Customer-01501,customer1501@example.com
customer_01502,Customer-01502,customer1502@example.com
customer_01503,Customer-01503,customer1503@example.com
customer_01504,Customer-01504,customer1504@example.com
customer_01505,Customer-01505,customer1505@example.com
customer_01506,Customer-01506,customer1506@example.com
customer_01507,Customer-01507,customer1507@example.com
customer_01508,Customer-01508,customer1508@example.com
customer_01509,Customer-01509,customer1509@example.com
customer_01510,Customer-01510,customer1510@example.com
customer_01511,Customer-01511,customer1511@example.com
customer_01512,Customer-01512,customer1512@example.com
customer_01513,Customer-01513,customer1513@example.com
customer_01514,Customer-01514,customer1514@example.com
customer_01515,Customer-01515,customer1515@example.com
customer_01516,Customer-01516,customer1516@example.com
customer_01517,Customer-01517,customer1517@example.com
customer_01518,Customer-01518,customer1518@example.com
customer_01519,Customer-01519,customer1519@example.com
customer_01520,Customer-01520,customer1520@example.com
customer_01521,Customer-01521,customer1521@example.com
customer_01522,Customer-01522,customer1522@example.com
customer_01523,Customer-01523,customer1523@example.com
customer_01524,Customer-01524,customer1524@example.com
customer_01525,Customer-01525,customer1525@example.com
customer_01526,Customer-01526,customer1526@example.com
customer_01527,Customer-01527,customer1527@example.com
customer_01528,Customer-01528,customer1528@example.com
customer_01529,Customer-01529,customer1529@example.com
customer_01530,Customer-01530,customer1530@example.com
customer_01531,Customer-01531,customer1531@example.com
customer_01532,Customer-01532,customer1532@example.com
customer_01533,Customer-01533,customer1533@example.com
customer_01534,Customer-01534,customer1534@example.com
customer_01535,Customer-01535,customer1535@example.com
customer_01536,Customer-01536,customer1536@example.com
customer_01537,Customer-01537,customer1537@example.com
customer_01538,Customer-01538,customer1538@example.com
customer_01539,Customer-01539,customer1539@example.com
customer_01540,Customer-01540,customer1540@example.com
customer_01541,Customer-01541,customer1541@example.com
customer_01542,Customer-01542,customer1542@example.com
customer_01543,Customer-01543,customer1543@example.com
customer_01544,Customer-01544,customer1544@example.com
customer_01545,Customer-01545,customer1545@example.com
customer_01546,Customer-01546,customer1546@example.com
customer_01547,Customer-01547,customer1547@example.com
customer_01548,Customer-01548,customer1548@example.com
customer_01549,Customer-01549,customer1549@example.com
customer_01550,Customer-01550,customer1550@example.com
customer_01551,Customer-01551,customer1551@example.com
customer_01552,Customer-01552,customer1552@example.com
customer_01553,Customer-01553,customer1553@example.com
customer_01554,Customer-01554,customer1554@example.com
customer_01555,Customer-01555,customer1555@example.com
customer_01556,Customer-01556,customer1556@example.com
customer_01557,Customer-01557,customer1557@example.com
customer_01558,Customer-01558,customer1558@example.com
customer_01559,Customer-01559,customer1559@example.com
customer_01560,Customer-01560,customer1560@example.com
customer_01561,Customer-01561,customer1561@example.com
customer_01562,Customer-01562,customer1562@example.com
customer_01563,Customer-01563,customer1563@example.com
customer_01564,Customer-01564,customer1564@example.com
customer_01565,Customer-01565,customer1565@example.com
customer_01566,Customer-01566,customer1566@example.com
customer_01567,Customer-01567,customer1567@example.com
customer_01568,Customer-01568,customer1568@example.com
customer_01569,Customer-01569,customer1569@example.com
customer_01570,Customer-01570,customer1570@example.com
customer_01571,Customer-01571,customer1571@example.com
customer_01572,Customer-01572,customer1572@example.com
customer_01573,Customer-01573,customer1573@example.com
customer_01574,Customer-01574,customer1574@example.com
customer_01575,Customer-01575,customer1575@example.com
customer_01576,Customer-01576,customer1576@example.com
customer_01577,Customer-01577,customer1577@example.com
customer_01578,Customer-01578,customer1578@example.com
customer_01579,Customer-01579,customer1579@example.com
customer_01580,Customer-01580,customer1580@example.com
customer_01581,Customer-01581,customer1581@example.com
customer_01582,Customer-01582,customer1582@example.com
customer_01583,Customer-01583,customer1583@example.com
customer_01584,Customer-01584,customer1584@example.com
customer_01585,Customer-01585,customer1585@example.com
customer_01586,Customer-01586,customer1586@example.com
customer_01587,Customer-01587,customer1587@example.com
customer_01588,Customer-01588,customer1588@example.com
customer_01589,Customer-01589,customer1589@example.com
customer_01590,Customer-01590,customer1590@example.com
customer_01591,Customer-01591,customer1591@example.com
customer_01592,Customer-01592,customer1592@example.com
customer_01593,Customer-01593,customer1593@example.com
customer_01594,Customer-01594,customer1594@example.com
customer_01595,Customer-01595,customer1595@example.com
customer_01596,Customer-01596,customer1596@example.com
customer_01597,Customer-01597,customer1597@example.com
customer_01598,Customer-01598,customer1598@example.com
customer_01599,Customer-01599,customer1599@example.com
customer_01600,Customer-01600,customer1600@example.com
customer_01601,Customer-01601,customer1601@example.com
customer_01602,Customer-01602,customer1602@example.com
customer_01603,Customer-01603,customer1603@example.com
customer_01604,Customer-01604,customer1604@example.com
customer_01605,Customer-01605,customer1605@example.com
customer_01606,Customer-01606,customer1606@example.com
customer_01607,Customer-01607,customer1607@example.com
customer_01608,Customer-01608,customer1608@example.com
customer_01609,Customer-01609,customer1609@example.com
customer_01610,Customer-01610,customer1610@example.com
customer_01611,Customer-01611,customer1611@example.com
customer_01612,Customer-01612,customer1612@example.com
customer_01613,Customer-01613,customer1613@example.com
customer_01614,Customer-01614,customer1614@example.com
customer_01615,Customer-01615,customer1615@example.com
customer_01616,Customer-01616,customer1616@example.com
customer_01617,Customer-01617,customer1617@example.com
customer_01618,Customer-01618,customer1618@example.com
customer_01619,Customer-01619,customer1619@example.com
customer_01620,Customer-01620,customer1620@example.com
customer_01621,Customer-01621,customer1621@example.com
customer_01622,Customer-01622,customer1622@example.com
customer_01623,Customer-01623,customer1623@example.com
customer_01624,Customer-01624,customer1624@example.com
customer_01625,Customer-01625,customer1625@example.com
customer_01626,Customer-01626,customer1626@example.com
customer_01627,Customer-01627,customer1627@example.com
customer_01628,Customer-01628,customer1628@example.com
customer_01629,Customer-01629,customer1629@example.com
customer_01630,Customer-01630,customer1630@example.com
customer_01631,Customer-01631,customer1631@example.com
customer_01632,Customer-01632,customer1632@example.com
customer_01633,Customer-01633,customer1633@example.com
customer_01634,Customer-01634,customer1634@example.com
customer_01635,Customer-01635,customer1635@example.com
customer_01636,Customer-01636,customer1636@example.com
customer_01637,Customer-01637,customer1637@example.com
customer_01638,Customer-01638,customer1638@example.com
customer_01639,Customer-01639,customer1639@example.com
customer_01640,Customer-01640,customer1640@example.com
customer_01641,Customer-01641,customer1641@example.com
customer_01642,Customer-01642,customer1642@example.com
customer_01643,Customer-01643,customer1643@example.com
customer_01644,Customer-01644,customer1644@example.com
customer_01645,Customer-01645,customer1645@example.com
customer_01646,Customer-01646,customer1646@example.com
customer_01647,Customer-01647,customer1647@example.com
customer_01648,Customer-01648,customer1648@example.com
customer_01649,Customer-01649,customer1649@example.com
customer_01650,Customer-01650,customer1650@example.com
customer_01651,Customer-01651,customer1651@example.com
customer_01652,Customer-01652,customer1652@example.com
customer_01653,Customer-01653,customer1653@example.com
customer_01654,Customer-01654,customer1654@example.com
customer_01655,Customer-01655,customer1655@example.com
customer_01656,Customer-01656,customer1656@example.com
customer_01657,Customer-01657,customer1657@example.com
customer_01658,Customer-01658,customer1658@example.com
customer_01659,Customer-01659,customer1659@example.com
customer_01660,Customer-01660,customer1660@example.com
customer_01661,Customer-01661,customer1661@example.com
customer_01662,Customer-01662,customer1662@example.com
customer_01663,Customer-01663,customer1663@example.com
customer_01664,Customer-01664,customer1664@example.com
customer_01665,Customer-01665,customer1665@example.com
customer_01666,Customer-01666,customer1666@example.com
customer_01667,Customer-01667,customer1667@example.com
customer_01668,Customer-01668,customer1668@example.com
customer_01669,Customer-01669,customer1669@example.com
customer_01670,Customer-01670,customer1670@example.com
customer_01671,Customer-01671,customer1671@example.com
customer_01672,Customer-01672,customer1672@example.com
customer_01673,Customer-01673,customer1673@example.com
customer_01674,Customer-01674,customer1674@example.com
customer_01675,Customer-01675,customer1675@example.com
customer_01676,Customer-01676,customer1676@example.com
customer_01677,Customer-01677,customer1677@example.com
customer_01678,Customer-01678,customer1678@example.com
customer_01679,Customer-01679,customer1679@example.com
customer_01680,Customer-01680,customer1680@example.com
customer_01681,Customer-01681,customer1681@example.com
customer_01682,Customer-01682,customer1682@example.com
customer_01683,Customer-01683,customer1683@example.com
customer_01684,Customer-01684,customer1684@example.com
customer_01685,Customer-01685,customer1685@example.com
customer_01686,Customer-01686,customer1686@example.com
customer_01687,Customer-01687,customer1687@example.com
customer_01688,Customer-01688,customer1688@example.com
customer_01689,Customer-01689,customer1689@example.com
customer_01690,Customer-01690,customer1690@example.com
customer_01691,Customer-01691,customer1691@example.com
customer_01692,Customer-01692,customer1692@example.com
customer_01693,Customer-01693,customer1693@example.com
customer_01694,Customer-01694,customer1694@example.com
customer_01695,Customer-01695,customer1695@example.com
customer_01696,Customer-01696,customer1696@example.com
customer_01697,Customer-01697,customer1697@example.com
customer_01698,Customer-01698,customer1698@example.com
customer_01699,Customer-01699,customer1699@example.com
customer_01700,Customer-01700,customer1700@example.com
customer_01701,Customer-01701,customer1701@example.com
customer_01702,Customer-01702,customer1702@example.com
customer_01703,Customer-01703,customer1703@example.com
customer_01704,Customer-01704,customer1704@example.com
customer_01705,Customer-01705,customer1705@example.com
customer_01706,Customer-01706,customer1706@example.com
customer_01707,Customer-01707,customer1707@example.com
customer_01708,Customer-01708,customer1708@example.com
customer_01709,Customer-01709,customer1709@example.com
customer_01710,Customer-01710,customer1710@example.com
customer_01711,Customer-01711,customer1711@example.com
customer_01712,Customer-01712,customer1712@example.com
customer_01713,Customer-01713,customer1713@example.com
customer_01714,Customer-01714,customer1714@example.com
customer_01715,Customer-01715,customer1715@example.com
customer_01716,Customer-01716,customer1716@example.com
customer_01717,Customer-01717,customer1717@example.com
customer_01718,Customer-01718,customer1718@example.com
customer_01719,Customer-01719,customer1719@example.com
customer_01720,Customer-01720,customer1720@example.com
customer_01721,Customer-01721,customer1721@example.com
customer_01722,Customer-01722,customer1722@example.com
customer_01723,Customer-01723,customer1723@example.com
customer_01724,Customer-01724,customer1724@example.com
customer_01725,Customer-01725,customer1725@example.com
customer_01726,Customer-01726,customer1726@example.com
customer_01727,Customer-01727,customer1727@example.com
customer_01728,Customer-01728,customer1728@example.com
customer_01729,Customer-01729,customer1729@example.com
customer_01730,Customer-01730,customer1730@example.com
customer_01731,Customer-01731,customer1731@example.com
customer_01732,Customer-01732,customer1732@example.com
customer_01733,Customer-01733,customer1733@example.com
customer_01734,Customer-01734,customer1734@example.com
customer_01735,Customer-01735,customer1735@example.com
customer_01736,Customer-01736,customer1736@example.com
customer_01737,Customer-01737,customer1737@example.com
customer_01738,Customer-01738,customer1738@example.com
customer_01739,Customer-01739,customer1739@example.com
customer_01740,Customer-01740,customer1740@example.com
customer_01741,Customer-01741,customer1741@example.com
customer_01742,Customer-01742,customer1742@example.com
customer_01743,Customer-01743,customer1743@example.com
customer_01744,Customer-01744,customer1744@example.com
customer_01745,Customer-01745,customer1745@example.com
customer_01746,Customer-01746,customer1746@example.com
customer_01747,Customer-01747,customer1747@example.com
customer_01748,Customer-01748,customer1748@example.com
customer_01749,Customer-01749,customer1749@example.com
customer_01750,Customer-01750,customer1750@example.com
customer_01751,Customer-01751,customer1751@example.com
customer_01752,Customer-01752,customer1752@example.com
customer_01753,Customer-01753,customer1753@example.com
customer_01754,Customer-01754,customer1754@example.com
customer_01755,Customer-01755,customer1755@example.com
customer_01756,Customer-01756,customer1756@example.com
customer_01757,Customer-01757,customer1757@example.com
customer_01758,Customer-01758,customer1758@example.com
customer_01759,Customer-01759,customer1759@example.com
customer_01760,Customer-01760,customer1760@example.com
customer_01761,Customer-01761,customer1761@example.com
customer_01762,Customer-01762,customer1762@example.com
customer_01763,Customer-01763,customer1763@example.com
customer_01764,Customer-01764,customer1764@example.com
customer_01765,Customer-01765,customer1765@example.com
customer_01766,Customer-01766,customer1766@example.com
customer_01767,Customer-01767,customer1767@example.com
customer_01768,Customer-01768,customer1768@example.com
customer_01769,Customer-01769,customer1769@example.com
customer_01770,Customer-01770,customer1770@example.com
customer_01771,Customer-01771,customer1771@example.com
customer_01772,Customer-01772,customer1772@example.com
customer_01773,Customer-01773,customer1773@example.com
customer_01774,Customer-01774,customer1774@example.com
customer_01775,Customer-01775,customer1775@example.com
customer_01776,Customer-01776,customer1776@example.com
customer_01777,Customer-01777,customer1777@example.com
customer_01778,Customer-01778,customer1778@example.com
customer_01779,Customer-01779,customer1779@example.com
customer_01780,Customer-01780,customer1780@example.com
customer_01781,Customer-01781,customer1781@example.com
customer_01782,Customer-01782,customer1782@example.com
customer_01783,Customer-01783,customer1783@example.com
customer_01784,Customer-01784,customer1784@example.com
customer_01785,Customer-01785,customer1785@example.com
customer_01786,Customer-01786,customer1786@example.com
customer_01787,Customer-01787,customer1787@example.com
customer_01788,Customer-01788,customer1788@example.com
customer_01789,Customer-01789,customer1789@example.com
customer_01790,Customer-01790,customer1790@example.com
customer_01791,Customer-01791,customer1791@example.com
customer_01792,Customer-01792,customer1792@example.com
customer_01793,Customer-01793,customer1793@example.com
customer_01794,Customer-01794,customer1794@example.com
customer_01795,Customer-01795,customer1795@example.com
customer_01796,Customer-01796,customer1796@example.com
customer_01797,Customer-01797,customer1797@example.com
customer_01798,Customer-01798,customer1798@example.com
customer_01799,Customer-01799,customer1799@example.com
customer_01800,Customer-01800,customer1800@example.com
customer_01801,Customer-01801,customer1801@example.com
customer_01802,Customer-01802,customer1802@example.com
customer_01803,Customer-01803,customer1803@example.com
customer_01804,Customer-01804,customer1804@example.com
customer_01805,Customer-01805,customer1805@example.com
customer_01806,Customer-01806,customer1806@example.com
customer_01807,Customer-01807,customer1807@example.com
customer_01808,Customer-01808,customer1808@example.com
customer_01809,Customer-01809,customer1809@example.com
customer_01810,Customer-01810,customer1810@example.com
customer_01811,Customer-01811,customer1811@example.com
customer_01812,Customer-01812,customer1812@example.com
customer_01813,Customer-01813,customer1813@example.com
customer_01814,Customer-01814,customer1814@example.com
customer_01815,Customer-01815,customer1815@example.com
customer_01816,Customer-01816,customer1816@example.com
customer_01817,Customer-01817,customer1817@example.com
customer_01818,Customer-01818,customer1818@example.com
customer_01819,Customer-01819,customer1819@example.com
customer_01820,Customer-01820,customer1820@example.com
customer_01821,Customer-01821,customer1821@example.com
customer_01822,Customer-01822,customer1822@example.com
customer_01823,Customer-01823,customer1823@example.com
customer_01824,Customer-01824,customer1824@example.com
customer_01825,Customer-01825,customer1825@example.com
customer_01826,Customer-01826,customer1826@example.com
customer_01827,Customer-01827,customer1827@example.com
customer_01828,Customer-01828,customer1828@example.com
customer_01829,Customer-01829,customer1829@example.com
customer_01830,Customer-01830,customer1830@example.com
customer_01831,Customer-01831,customer1831@example.com
customer_01832,Customer-01832,customer1832@example.com
customer_01833,Customer-01833,customer1833@example.com
customer_01834,Customer-01834,customer1834@example.com
customer_01835,Customer-01835,customer1835@example.com
customer_01836,Customer-01836,customer1836@example.com
customer_01837,Customer-01837,customer1837@example.com
customer_01838,Customer-01838,customer1838@example.com
customer_01839,Customer-01839,customer1839@example.com
customer_01840,Customer-01840,customer1840@example.com
customer_01841,Customer-01841,customer1841@example.com
customer_01842,Customer-01842,customer1842@example.com
customer_01843,Customer-01843,customer1843@example.com
customer_01844,Customer-01844,customer1844@example.com
customer_01845,Customer-01845,customer1845@example.com
customer_01846,Customer-01846,customer1846@example.com
customer_01847,Customer-01847,customer1847@example.com
customer_01848,Customer-01848,customer1848@example.com
customer_01849,Customer-01849,customer1849@example.com
customer_01850,Customer-01850,customer1850@example.com
customer_01851,Customer-01851,customer1851@example.com
customer_01852,Customer-01852,customer1852@example.com
customer_01853,Customer-01853,customer1853@example.com
customer_01854,Customer-01854,customer1854@example.com
customer_01855,Customer-01855,customer1855@example.com
customer_01856,Customer-01856,customer1856@example.com
customer_01857,Customer-01857,customer1857@example.com
customer_01858,Customer-01858,customer1858@example.com
customer_01859,Customer-01859,customer1859@example.com
customer_01860,Customer-01860,customer1860@example.com
customer_01861,Customer-01861,customer1861@example.com
customer_01862,Customer-01862,customer1862@example.com
customer_01863,Customer-01863,customer1863@example.com
customer_01864,Customer-01864,customer1864@example.com
customer_01865,Customer-01865,customer1865@example.com
customer_01866,Customer-01866,customer1866@example.com
customer_01867,Customer-01867,customer1867@example.com
customer_01868,Customer-01868,customer1868@example.com
customer_01869,Customer-01869,customer1869@example.com
customer_01870,Customer-01870,customer1870@example.com
customer_01871,Customer-01871,customer1871@example.com
customer_01872,Customer-01872,customer1872@example.com
customer_01873,Customer-01873,customer1873@example.com
customer_01874,Customer-01874,customer1874@example.com
customer_01875,Customer-01875,customer1875@example.com
customer_01876,Customer-01876,customer1876@example.com
customer_01877,Customer-01877,customer1877@example.com
customer_01878,Customer-01878,customer1878@example.com
customer_01879,Customer-01879,customer1879@example.com
customer_01880,Customer-01880,customer1880@example.com
customer_01881,Customer-01881,customer1881@example.com
customer_01882,Customer-01882,customer1882@example.com
customer_01883,Customer-01883,customer1883@example.com
customer_01884,Customer-01884,customer1884@example.com
customer_01885,Customer-01885,customer1885@example.com
customer_01886,Customer-01886,customer1886@example.com
customer_01887,Customer-01887,customer1887@example.com
customer_01888,Customer-01888,customer1888@example.com
customer_01889,Customer-01889,customer1889@example.com
customer_01890,Customer-01890,customer1890@example.com
customer_01891,Customer-01891,customer1891@example.com
customer_01892,Customer-01892,customer1892@example.com
customer_01893,Customer-01893,customer1893@example.com
customer_01894,Customer-01894,customer1894@example.com
customer_01895,Customer-01895,customer1895@example.com
customer_01896,Customer-01896,customer1896@example.com
customer_01897,Customer-01897,customer1897@example.com
customer_01898,Customer-01898,customer1898@example.com
customer_01899,Customer-01899,customer1899@example.com
customer_01900,Customer-01900,customer1900@example.com
customer_01901,Customer-01901,customer1901@example.com
customer_01902,Customer-01902,customer1902@example.com
customer_01903,Customer-01903,customer1903@example.com
customer_01904,Customer-01904,customer1904@example.com
customer_01905,Customer-01905,customer1905@example.com
customer_01906,Customer-01906,customer1906@example.com
customer_01907,Customer-01907,customer1907@example.com
customer_01908,Customer-01908,customer1908@example.com
customer_01909,Customer-01909,customer1909@example.com
customer_01910,Customer-01910,customer1910@example.com
customer_01911,Customer-01911,customer1911@example.com
customer_01912,Customer-01912,customer1912@example.com
customer_01913,Customer-01913,customer1913@example.com
customer_01914,Customer-01914,customer1914@example.com
customer_01915,Customer-01915,customer1915@example.com
customer_01916,Customer-01916,customer1916@example.com
customer_01917,Customer-01917,customer1917@example.com
customer_01918,Customer-01918,customer1918@example.com
customer_01919,Customer-01919,customer1919@example.com
customer_01920,Customer-01920,customer1920@example.com
customer_01921,Customer-01921,customer1921@example.com
customer_01922,Customer-01922,customer1922@example.com
customer_01923,Customer-01923,customer1923@example.com
customer_01924,Customer-01924,customer1924@example.com
customer_01925,Customer-01925,customer1925@example.com
customer_01926,Customer-01926,customer1926@example.com
customer_01927,Customer-01927,customer1927@example.com
customer_01928,Customer-01928,customer1928@example.com
customer_01929,Customer-01929,customer1929@example.com
customer_01930,Customer-01930,customer1930@example.com
customer_01931,Customer-01931,customer1931@example.com
customer_01932,Customer-01932,customer1932@example.com
customer_01933,Customer-01933,customer1933@example.com
customer_01934,Customer-01934,customer1934@example.com
customer_01935,Customer-01935,customer1935@example.com
customer_01936,Customer-01936,customer1936@example.com
customer_01937,Customer-01937,customer1937@example.com
customer_01938,Customer-01938,customer1938@example.com
customer_01939,Customer-01939,customer1939@example.com
customer_01940,Customer-01940,customer1940@example.com
customer_01941,Customer-01941,customer1941@example.com
customer_01942,Customer-01942,customer1942@example.com
customer_01943,Customer-01943,customer1943@example.com
customer_01944,Customer-01944,customer1944@example.com
customer_01945,Customer-01945,customer1945@example.com
customer_01946,Customer-01946,customer1946@example.com
customer_01947,Customer-01947,customer1947@example.com
customer_01948,Customer-01948,customer1948@example.com
customer_01949,Customer-01949,customer1949@example.com
customer_01950,Customer-01950,customer1950@example.com
customer_01951,Customer-01951,customer1951@example.com
customer_01952,Customer-01952,customer1952@example.com
customer_01953,Customer-01953,customer1953@example.com
customer_01954,Customer-01954,customer1954@example.com
customer_01955,Customer-01955,customer1955@example.com
customer_01956,Customer-01956,customer1956@example.com
customer_01957,Customer-01957,customer1957@example.com
customer_01958,Customer-01958,customer1958@example.com
customer_01959,Customer-01959,customer1959@example.com
customer_01960,Customer-01960,customer1960@example.com
customer_01961,Customer-01961,customer1961@example.com
customer_01962,Customer-01962,customer1962@example.com
customer_01963,Customer-01963,customer1963@example.com
customer_01964,Customer-01964,customer1964@example.com
customer_01965,Customer-01965,customer1965@example.com
customer_01966,Customer-01966,customer1966@example.com
customer_01967,Customer-01967,customer1967@example.com
customer_01968,Customer-01968,customer1968@example.com
customer_01969,Customer-01969,customer1969@example.com
customer_01970,Customer-01970,customer1970@example.com
customer_01971,Customer-01971,customer1971@example.com
customer_01972,Customer-01972,customer1972@example.com
customer_01973,Customer-01973,customer1973@example.com
customer_01974,Customer-01974,customer1974@example.com
customer_01975,Customer-01975,customer1975@example.com
customer_01976,Customer-01976,customer1976@example.com
customer_01977,Customer-01977,customer1977@example.com
customer_01978,Customer-01978,customer1978@example.com
customer_01979,Customer-01979,customer1979@example.com
customer_01980,Customer-01980,customer1980@example.com
customer_01981,Customer-01981,customer1981@example.com
customer_01982,Customer-01982,customer1982@example.com
customer_01983,Customer-01983,customer1983@example.com
customer_01984,Customer-01984,customer1984@example.com
customer_01985,Customer-01985,customer1985@example.com
customer_01986,Customer-01986,customer1986@example.com
customer_01987,Customer-01987,customer1987@example.com
customer_01988,Customer-01988,customer1988@example.com
customer_01989,Customer-01989,customer1989@example.com
customer_01990,Customer-01990,customer1990@example.com
customer_01991,Customer-01991,customer1991@example.com
customer_01992,Customer-01992,customer1992@example.com
customer_01993,Customer-01993,customer1993@example.com
customer_01994,Customer-01994,customer1994@example.com
customer_01995,Customer-01995,customer1995@example.com
customer_01996,Customer-01996,customer1996@example.com
customer_01997,Customer-01997,customer1997@example.com
customer_01998,Customer-01998,customer1998@example.com
customer_01999,Customer-01999,customer1999@example.com
customer_02000,Customer-02000,customer2000@example.com
customer_02001,Customer-02001,customer2001@example.com
customer_02002,Customer-02002,customer2002@example.com
customer_02003,Customer-02003,customer2003@example.com
customer_02004,Customer-02004,customer2004@example.com
customer_02005,Customer-02005,customer2005@example.com
customer_02006,Customer-02006,customer2006@example.com
customer_02007,Customer-02007,customer2007@example.com
customer_02008,Customer-02008,customer2008@example.com
customer_02009,Customer-02009,customer2009@example.com
customer_02010,Customer-02010,customer2010@example.com
customer_02011,Customer-02011,customer2011@example.com
customer_02012,Customer-02012,customer2012@example.com
customer_02013,Customer-02013,customer2013@example.com
customer_02014,Customer-02014,customer2014@example.com
customer_02015,Customer-02015,customer2015@example.com
customer_02016,Customer-02016,customer2016@example.com
customer_02017,Customer-02017,customer2017@example.com
customer_02018,Customer-02018,customer2018@example.com
customer_02019,Customer-02019,customer2019@example.com
customer_02020,Customer-02020,customer2020@example.com
customer_02021,Customer-02021,customer2021@example.com
customer_02022,Customer-02022,customer2022@example.com
customer_02023,Customer-02023,customer2023@example.com
customer_02024,Customer-02024,customer2024@example.com
customer_02025,Customer-02025,customer2025@example.com
customer_02026,Customer-02026,customer2026@example.com
customer_02027,Customer-02027,customer2027@example.com
customer_02028,Customer-02028,customer2028@example.com
customer_02029,Customer-02029,customer2029@example.com
customer_02030,Customer-02030,customer2030@example.com
customer_02031,Customer-02031,customer2031@example.com
customer_02032,Customer-02032,customer2032@example.com
customer_02033,Customer-02033,customer2033@example.com
customer_02034,Customer-02034,customer2034@example.com
customer_02035,Customer-02035,customer2035@example.com
customer_02036,Customer-02036,customer2036@example.com
customer_02037,Customer-02037,customer2037@example.com
customer_02038,Customer-02038,customer2038@example.com
customer_02039,Customer-02039,customer2039@example.com
customer_02040,Customer-02040,customer2040@example.com
customer_02041,Customer-02041,customer2041@example.com
customer_02042,Customer-02042,customer2042@example.com
customer_02043,Customer-02043,customer2043@example.com
customer_02044,Customer-02044,customer2044@example.com
customer_02045,Customer-02045,customer2045@example.com
customer_02046,Customer-02046,customer2046@example.com
customer_02047,Customer-02047,customer2047@example.com
customer_02048,Customer-02048,customer2048@example.com
customer_02049,Customer-02049,customer2049@example.com
customer_02050,Customer-02050,customer2050@example.com
customer_02051,Customer-02051,customer2051@example.com
customer_02052,Customer-02052,customer2052@example.com
customer_02053,Customer-02053,customer2053@example.com
customer_02054,Customer-02054,customer2054@example.com
customer_02055,Customer-02055,customer2055@example.com
customer_02056,Customer-02056,customer2056@example.com
customer_02057,Customer-02057,customer2057@example.com
customer_02058,Customer-02058,customer2058@example.com
customer_02059,Customer-02059,customer2059@example.com
customer_02060,Customer-02060,customer2060@example.com
customer_02061,Customer-02061,customer2061@example.com
customer_02062,Customer-02062,customer2062@example.com
customer_02063,Customer-02063,customer2063@example.com
customer_02064,Customer-02064,customer2064@example.com
customer_02065,Customer-02065,customer2065@example.com
customer_02066,Customer-02066,customer2066@example.com
customer_02067,Customer-02067,customer2067@example.com
customer_02068,Customer-02068,customer2068@example.com
customer_02069,Customer-02069,customer2069@example.com
customer_02070,Customer-02070,customer2070@example.com
customer_02071,Customer-02071,customer2071@example.com
customer_02072,Customer-02072,customer2072@example.com
customer_02073,Customer-02073,customer2073@example.com
customer_02074,Customer-02074,customer2074@example.com
customer_02075,Customer-02075,customer2075@example.com
customer_02076,Customer-02076,customer2076@example.com
customer_02077,Customer-02077,customer2077@example.com
customer_02078,Customer-02078,customer2078@example.com
customer_02079,Customer-02079,customer2079@example.com
customer_02080,Customer-02080,customer2080@example.com
customer_02081,Customer-02081,customer2081@example.com
customer_02082,Customer-02082,customer2082@example.com
customer_02083,Customer-02083,customer2083@example.com
customer_02084,Customer-02084,customer2084@example.com
customer_02085,Customer-02085,customer2085@example.com
customer_02086,Customer-02086,customer2086@example.com
customer_02087,Customer-02087,customer2087@example.com
customer_02088,Customer-02088,customer2088@example.com
customer_02089,Customer-02089,customer2089@example.com
customer_02090,Customer-02090,customer2090@example.com
customer_02091,Customer-02091,customer2091@example.com
customer_02092,Customer-02092,customer2092@example.com
customer_02093,Customer-02093,customer2093@example.com
customer_02094,Customer-02094,customer2094@example.com
customer_02095,Customer-02095,customer2095@example.com
customer_02096,Customer-02096,customer2096@example.com
customer_02097,Customer-02097,customer2097@example.com
customer_02098,Customer-02098,customer2098@example.com
customer_02099,Customer-02099,customer2099@example.com
customer_02100,Customer-02100,customer2100@example.com
customer_02101,Customer-02101,customer2101@example.com
customer_02102,Customer-02102,customer2102@example.com
customer_02103,Customer-02103,customer2103@example.com
customer_02104,Customer-02104,customer2104@example.com
customer_02105,Customer-02105,customer2105@example.com
customer_02106,Customer-02106,customer2106@example.com
customer_02107,Customer-02107,customer2107@example.com
customer_02108,Customer-02108,customer2108@example.com
customer_02109,Customer-02109,customer2109@example.com
customer_02110,Customer-02110,customer2110@example.com
customer_02111,Customer-02111,customer2111@example.com
customer_02112,Customer-02112,customer2112@example.com
customer_02113,Customer-02113,customer2113@example.com
customer_02114,Customer-02114,customer2114@example.com
customer_02115,Customer-02115,customer2115@example.com
customer_02116,Customer-02116,customer2116@example.com
customer_02117,Customer-02117,customer2117@example.com
customer_02118,Customer-02118,customer2118@example.com
customer_02119,Customer-02119,customer2119@example.com
customer_02120,Customer-02120,customer2120@example.com
customer_02121,Customer-02121,customer2121@example.com
customer_02122,Customer-02122,customer2122@example.com
customer_02123,Customer-02123,customer2123@example.com
customer_02124,Customer-02124,customer2124@example.com
customer_02125,Customer-02125,customer2125@example.com
customer_02126,Customer-02126,customer2126@example.com
customer_02127,Customer-02127,customer2127@example.com
customer_02128,Customer-02128,customer2128@example.com
customer_02129,Customer-02129,customer2129@example.com
customer_02130,Customer-02130,customer2130@example.com
customer_02131,Customer-02131,customer2131@example.com
customer_02132,Customer-02132,customer2132@example.com
customer_02133,Customer-02133,customer2133@example.com
customer_02134,Customer-02134,customer2134@example.com
customer_02135,Customer-02135,customer2135@example.com
customer_02136,Customer-02136,customer2136@example.com
customer_02137,Customer-02137,customer2137@example.com
customer_02138,Customer-02138,customer2138@example.com
customer_02139,Customer-02139,customer2139@example.com
customer_02140,Customer-02140,customer2140@example.com
customer_02141,Customer-02141,customer2141@example.com
customer_02142,Customer-02142,customer2142@example.com
customer_02143,Customer-02143,customer2143@example.com
customer_02144,Customer-02144,customer2144@example.com
customer_02145,Customer-02145,customer2145@example.com
customer_02146,Customer-02146,customer2146@example.com
customer_02147,Customer-02147,customer2147@example.com
customer_02148,Customer-02148,customer2148@example.com
customer_02149,Customer-02149,customer2149@example.com
customer_02150,Customer-02150,customer2150@example.com
customer_02151,Customer-02151,customer2151@example.com
customer_02152,Customer-02152,customer2152@example.com
customer_02153,Customer-02153,customer2153@example.com
customer_02154,Customer-02154,customer2154@example.com
customer_02155,Customer-02155,customer2155@example.com
customer_02156,Customer-02156,customer2156@example.com
customer_02157,Customer-02157,customer2157@example.com
customer_02158,Customer-02158,customer2158@example.com
customer_02159,Customer-02159,customer2159@example.com
customer_02160,Customer-02160,customer2160@example.com
customer_02161,Customer-02161,customer2161@example.com
customer_02162,Customer-02162,customer2162@example.com
customer_02163,Customer-02163,customer2163@example.com
customer_02164,Customer-02164,customer2164@example.com
customer_02165,Customer-02165,customer2165@example.com
customer_02166,Customer-02166,customer2166@example.com
customer_02167,Customer-02167,customer2167@example.com
customer_02168,Customer-02168,customer2168@example.com
customer_02169,Customer-02169,customer2169@example.com
customer_02170,Customer-02170,customer2170@example.com
customer_02171,Customer-02171,customer2171@example.com
customer_02172,Customer-02172,customer2172@example.com
customer_02173,Customer-02173,customer2173@example.com
customer_02174,Customer-02174,customer2174@example.com
customer_02175,Customer-02175,customer2175@example.com
customer_02176,Customer-02176,customer2176@example.com
customer_02177,Customer-02177,customer2177@example.com
customer_02178,Customer-02178,customer2178@example.com
customer_02179,Customer-02179,customer2179@example.com
customer_02180,Customer-02180,customer2180@example.com
customer_02181,Customer-02181,customer2181@example.com
customer_02182,Customer-02182,customer2182@example.com
customer_02183,Customer-02183,customer2183@example.com
customer_02184,Customer-02184,customer2184@example.com
customer_02185,Customer-02185,customer2185@example.com
customer_02186,Customer-02186,customer2186@example.com
customer_02187,Customer-02187,customer2187@example.com
customer_02188,Customer-02188,customer2188@example.com
customer_02189,Customer-02189,customer2189@example.com
customer_02190,Customer-02190,customer2190@example.com
customer_02191,Customer-02191,customer2191@example.com
customer_02192,Customer-02192,customer2192@example.com
customer_02193,Customer-02193,customer2193@example.com
customer_02194,Customer-02194,customer2194@example.com
customer_02195,Customer-02195,customer2195@example.com
customer_02196,Customer-02196,customer2196@example.com
customer_02197,Customer-02197,customer2197@example.com
customer_02198,Customer-02198,customer2198@example.com
customer_02199,Customer-02199,customer2199@example.com
customer_02200,Customer-02200,customer2200@example.com
customer_02201,Customer-02201,customer2201@example.com
customer_02202,Customer-02202,customer2202@example.com
customer_02203,Customer-02203,customer2203@example.com
customer_02204,Customer-02204,customer2204@example.com
customer_02205,Customer-02205,customer2205@example.com
customer_02206,Customer-02206,customer2206@example.com
customer_02207,Customer-02207,customer2207@example.com
customer_02208,Customer-02208,customer2208@example.com
customer_02209,Customer-02209,customer2209@example.com
customer_02210,Customer-02210,customer2210@example.com
customer_02211,Customer-02211,customer2211@example.com
customer_02212,Customer-02212,customer2212@example.com
customer_02213,Customer-02213,customer2213@example.com
customer_02214,Customer-02214,customer2214@example.com
customer_02215,Customer-02215,customer2215@example.com
customer_02216,Customer-02216,customer2216@example.com
customer_02217,Customer-02217,customer2217@example.com
customer_02218,Customer-02218,customer2218@example.com
customer_02219,Customer-02219,customer2219@example.com
customer_02220,Customer-02220,customer2220@example.com
customer_02221,Customer-02221,customer2221@example.com
customer_02222,Customer-02222,customer2222@example.com
customer_02223,Customer-02223,customer2223@example.com
customer_02224,Customer-02224,customer2224@example.com
customer_02225,Customer-02225,customer2225@example.com
customer_02226,Customer-02226,customer2226@example.com
customer_02227,Customer-02227,customer2227@example.com
customer_02228,Customer-02228,customer2228@example.com
customer_02229,Customer-02229,customer2229@example.com
customer_02230,Customer-02230,customer2230@example.com
customer_02231,Customer-02231,customer2231@example.com
customer_02232,Customer-02232,customer2232@example.com
customer_02233,Customer-02233,customer2233@example.com
customer_02234,Customer-02234,customer2234@example.com
customer_02235,Customer-02235,customer2235@example.com
customer_02236,Customer-02236,customer2236@example.com
customer_02237,Customer-02237,customer2237@example.com
customer_02238,Customer-02238,customer2238@example.com
customer_02239,Customer-02239,customer2239@example.com
customer_02240,Customer-02240,customer2240@example.com
customer_02241,Customer-02241,customer2241@example.com
customer_02242,Customer-02242,customer2242@example.com
customer_02243,Customer-02243,customer2243@example.com
customer_02244,Customer-02244,customer2244@example.com
customer_02245,Customer-02245,customer2245@example.com
customer_02246,Customer-02246,customer2246@example.com
customer_02247,Customer-02247,customer2247@example.com
customer_02248,Customer-02248,customer2248@example.com
customer_02249,Customer-02249,customer2249@example.com
customer_02250,Customer-02250,customer2250@example.com
customer_02251,Customer-02251,customer2251@example.com
customer_02252,Customer-02252,customer2252@example.com
customer_02253,Customer-02253,customer2253@example.com
customer_02254,Customer-02254,customer2254@example.com
customer_02255,Customer-02255,customer2255@example.com
customer_02256,Customer-02256,customer2256@example.com
customer_02257,Customer-02257,customer2257@example.com
customer_02258,Customer-02258,customer2258@example.com
customer_02259,Customer-02259,customer2259@example.com
customer_02260,Customer-02260,customer2260@example.com
customer_02261,Customer-02261,customer2261@example.com
customer_02262,Customer-02262,customer2262@example.com
customer_02263,Customer-02263,customer2263@example.com
customer_02264,Customer-02264,customer2264@example.com
customer_02265,Customer-02265,customer2265@example.com
customer_02266,Customer-02266,customer2266@example.com
customer_02267,Customer-02267,customer2267@example.com
customer_02268,Customer-02268,customer2268@example.com
customer_02269,Customer-02269,customer2269@example.com
customer_02270,Customer-02270,customer2270@example.com
customer_02271,Customer-02271,customer2271@example.com
customer_02272,Customer-02272,customer2272@example.com
customer_02273,Customer-02273,customer2273@example.com
customer_02274,Customer-02274,customer2274@example.com
customer_02275,Customer-02275,customer2275@example.com
customer_02276,Customer-02276,customer2276@example.com
customer_02277,Customer-02277,customer2277@example.com
customer_02278,Customer-02278,customer2278@example.com
customer_02279,Customer-02279,customer2279@example.com
customer_02280,Customer-02280,customer2280@example.com
customer_02281,Customer-02281,customer2281@example.com
customer_02282,Customer-02282,customer2282@example.com
customer_02283,Customer-02283,customer2283@example.com
customer_02284,Customer-02284,customer2284@example.com
customer_02285,Customer-02285,customer2285@example.com
customer_02286,Customer-02286,customer2286@example.com
customer_02287,Customer-02287,customer2287@example.com
customer_02288,Customer-02288,customer2288@example.com
customer_02289,Customer-02289,customer2289@example.com
customer_02290,Customer-02290,customer2290@example.com
customer_02291,Customer-02291,customer2291@example.com
customer_02292,Customer-02292,customer2292@example.com
customer_02293,Customer-02293,customer2293@example.com
customer_02294,Customer-02294,customer2294@example.com
customer_02295,Customer-02295,customer2295@example.com
customer_02296,Customer-02296,customer2296@example.com
customer_02297,Customer-02297,customer2297@example.com
customer_02298,Customer-02298,customer2298@example.com
customer_02299,Customer-02299,customer2299@example.com
customer_02300,Customer-02300,customer2300@example.com
customer_02301,Customer-02301,customer2301@example.com
customer_02302,Customer-02302,customer2302@example.com
customer_02303,Customer-02303,customer2303@example.com
customer_02304,Customer-02304,customer2304@example.com
customer_02305,Customer-02305,customer2305@example.com
customer_02306,Customer-02306,customer2306@example.com
customer_02307,Customer-02307,customer2307@example.com
customer_02308,Customer-02308,customer2308@example.com
customer_02309,Customer-02309,customer2309@example.com
customer_02310,Customer-02310,customer2310@example.com
customer_02311,Customer-02311,customer2311@example.com
customer_02312,Customer-02312,customer2312@example.com
customer_02313,Customer-02313,customer2313@example.com
customer_02314,Customer-02314,customer2314@example.com
customer_02315,Customer-02315,customer2315@example.com
customer_02316,Customer-02316,customer2316@example.com
customer_02317,Customer-02317,customer2317@example.com
customer_02318,Customer-02318,customer2318@example.com
customer_02319,Customer-02319,customer2319@example.com
customer_02320,Customer-02320,customer2320@example.com
customer_02321,Customer-02321,customer2321@example.com
customer_02322,Customer-02322,customer2322@example.com
customer_02323,Customer-02323,customer2323@example.com
customer_02324,Customer-02324,customer2324@example.com
customer_02325,Customer-02325,customer2325@example.com
customer_02326,Customer-02326,customer2326@example.com
customer_02327,Customer-02327,customer2327@example.com
customer_02328,Customer-02328,customer2328@example.com
customer_02329,Customer-02329,customer2329@example.com
customer_02330,Customer-02330,customer2330@example.com
customer_02331,Customer-02331,customer2331@example.com
customer_02332,Customer-02332,customer2332@example.com
customer_02333,Customer-02333,customer2333@example.com
customer_02334,Customer-02334,customer2334@example.com
customer_02335,Customer-02335,customer2335@example.com
customer_02336,Customer-02336,customer2336@example.com
customer_02337,Customer-02337,customer2337@example.com
customer_02338,Customer-02338,customer2338@example.com
customer_02339,Customer-02339,customer2339@example.com
customer_02340,Customer-02340,customer2340@example.com
customer_02341,Customer-02341,customer2341@example.com
customer_02342,Customer-02342,customer2342@example.com
customer_02343,Customer-02343,customer2343@example.com
customer_02344,Customer-02344,customer2344@example.com
customer_02345,Customer-02345,customer2345@example.com
customer_02346,Customer-02346,customer2346@example.com
customer_02347,Customer-02347,customer2347@example.com
customer_02348,Customer-02348,customer2348@example.com
customer_02349,Customer-02349,customer2349@example.com
customer_02350,Customer-02350,customer2350@example.com
customer_02351,Customer-02351,customer2351@example.com
customer_02352,Customer-02352,customer2352@example.com
customer_02353,Customer-02353,customer2353@example.com
customer_02354,Customer-02354,customer2354@example.com
customer_02355,Customer-02355,customer2355@example.com
customer_02356,Customer-02356,customer2356@example.com
customer_02357,Customer-02357,customer2357@example.com
customer_02358,Customer-02358,customer2358@example.com
customer_02359,Customer-02359,customer2359@example.com
customer_02360,Customer-02360,customer2360@example.com
customer_02361,Customer-02361,customer2361@example.com
customer_02362,Customer-02362,customer2362@example.com
customer_02363,Customer-02363,customer2363@example.com
customer_02364,Customer-02364,customer2364@example.com
customer_02365,Customer-02365,customer2365@example.com
customer_02366,Customer-02366,customer2366@example.com
customer_02367,Customer-02367,customer2367@example.com
customer_02368,Customer-02368,customer2368@example.com
customer_02369,Customer-02369,customer2369@example.com
customer_02370,Customer-02370,customer2370@example.com
customer_02371,Customer-02371,customer2371@example.com
customer_02372,Customer-02372,customer2372@example.com
customer_02373,Customer-02373,customer2373@example.com
customer_02374,Customer-02374,customer2374@example.com
customer_02375,Customer-02375,customer2375@example.com
customer_02376,Customer-02376,customer2376@example.com
customer_02377,Customer-02377,customer2377@example.com
customer_02378,Customer-02378,customer2378@example.com
customer_02379,Customer-02379,customer2379@example.com
customer_02380,Customer-02380,customer2380@example.com
customer_02381,Customer-02381,customer2381@example.com
customer_02382,Customer-02382,customer2382@example.com
customer_02383,Customer-02383,customer2383@example.com
customer_02384,Customer-02384,customer2384@example.com
customer_02385,Customer-02385,customer2385@example.com
customer_02386,Customer-02386,customer2386@example.com
customer_02387,Customer-02387,customer2387@example.com
customer_02388,Customer-02388,customer2388@example.com
customer_02389,Customer-02389,customer2389@example.com
customer_02390,Customer-02390,customer2390@example.com
customer_02391,Customer-02391,customer2391@example.com
customer_02392,Customer-02392,customer2392@example.com
customer_02393,Customer-02393,customer2393@example.com
customer_02394,Customer-02394,customer2394@example.com
customer_02395,Customer-02395,customer2395@example.com
customer_02396,Customer-02396,customer2396@example.com
customer_02397,Customer-02397,customer2397@example.com
customer_02398,Customer-02398,customer2398@example.com
customer_02399,Customer-02399,customer2399@example.com
customer_02400,Customer-02400,customer2400@example.com
customer_02401,Customer-02401,customer2401@example.com
customer_02402,Customer-02402,customer2402@example.com
customer_02403,Customer-02403,customer2403@example.com
customer_02404,Customer-02404,customer2404@example.com
customer_02405,Customer-02405,customer2405@example.com
customer_02406,Customer-02406,customer2406@example.com
customer_02407,Customer-02407,customer2407@example.com
customer_02408,Customer-02408,customer2408@example.com
customer_02409,Customer-02409,customer2409@example.com
customer_02410,Customer-02410,customer2410@example.com
customer_02411,Customer-02411,customer2411@example.com
customer_02412,Customer-02412,customer2412@example.com
customer_02413,Customer-02413,customer2413@example.com
customer_02414,Customer-02414,customer2414@example.com
customer_02415,Customer-02415,customer2415@example.com
customer_02416,Customer-02416,customer2416@example.com
customer_02417,Customer-02417,customer2417@example.com
customer_02418,Customer-02418,customer2418@example.com
customer_02419,Customer-02419,customer2419@example.com
customer_02420,Customer-02420,customer2420@example.com
customer_02421,Customer-02421,customer2421@example.com
customer_02422,Customer-02422,customer2422@example.com
customer_02423,Customer-02423,customer2423@example.com
customer_02424,Customer-02424,customer2424@example.com
customer_02425,Customer-02425,customer2425@example.com
customer_02426,Customer-02426,customer2426@example.com
customer_02427,Customer-02427,customer2427@example.com
customer_02428,Customer-02428,customer2428@example.com
customer_02429,Customer-02429,customer2429@example.com
customer_02430,Customer-02430,customer2430@example.com
customer_02431,Customer-02431,customer2431@example.com
customer_02432,Customer-02432,customer2432@example.com
customer_02433,Customer-02433,customer2433@example.com
customer_02434,Customer-02434,customer2434@example.com
customer_02435,Customer-02435,customer2435@example.com
customer_02436,Customer-02436,customer2436@example.com
customer_02437,Customer-02437,customer2437@example.com
customer_02438,Customer-02438,customer2438@example.com
customer_02439,Customer-02439,customer2439@example.com
customer_02440,Customer-02440,customer2440@example.com
customer_02441,Customer-02441,customer2441@example.com
customer_02442,Customer-02442,customer2442@example.com
customer_02443,Customer-02443,customer2443@example.com
customer_02444,Customer-02444,customer2444@example.com
customer_02445,Customer-02445,customer2445@example.com
customer_02446,Customer-02446,customer2446@example.com
customer_02447,Customer-02447,customer2447@example.com
customer_02448,Customer-02448,customer2448@example.com
customer_02449,Customer-02449,customer2449@example.com
customer_02450,Customer-02450,customer2450@example.com
customer_02451,Customer-02451,customer2451@example.com
customer_02452,Customer-02452,customer2452@example.com
customer_02453,Customer-02453,customer2453@example.com
customer_02454,Customer-02454,customer2454@example.com
customer_02455,Customer-02455,customer2455@example.com
customer_02456,Customer-02456,customer2456@example.com
customer_02457,Customer-02457,customer2457@example.com
customer_02458,Customer-02458,customer2458@example.com
customer_02459,Customer-02459,customer2459@example.com
customer_02460,Customer-02460,customer2460@example.com
customer_02461,Customer-02461,customer2461@example.com
customer_02462,Customer-02462,customer2462@example.com
customer_02463,Customer-02463,customer2463@example.com
customer_02464,Customer-02464,customer2464@example.com
customer_02465,Customer-02465,customer2465@example.com
customer_02466,Customer-02466,customer2466@example.com
customer_02467,Customer-02467,customer2467@example.com
customer_02468,Customer-02468,customer2468@example.com
customer_02469,Customer-02469,customer2469@example.com
customer_02470,Customer-02470,customer2470@example.com
customer_02471,Customer-02471,customer2471@example.com
customer_02472,Customer-02472,customer2472@example.com
customer_02473,Customer-02473,customer2473@example.com
customer_02474,Customer-02474,customer2474@example.com
customer_02475,Customer-02475,customer2475@example.com
customer_02476,Customer-02476,customer2476@example.com
customer_02477,Customer-02477,customer2477@example.com
customer_02478,Customer-02478,customer2478@example.com
customer_02479,Customer-02479,customer2479@example.com
customer_02480,Customer-02480,customer2480@example.com
customer_02481,Customer-02481,customer2481@example.com
customer_02482,Customer-02482,customer2482@example.com
customer_02483,Customer-02483,customer2483@example.com
customer_02484,Customer-02484,customer2484@example.com
customer_02485,Customer-02485,customer2485@example.com
customer_02486,Customer-02486,customer2486@example.com
customer_02487,Customer-02487,customer2487@example.com
customer_02488,Customer-02488,customer2488@example.com
customer_02489,Customer-02489,customer2489@example.com
customer_02490,Customer-02490,customer2490@example.com
customer_02491,Customer-02491,customer2491@example.com
customer_02492,Customer-02492,customer2492@example.com
customer_02493,Customer-02493,customer2493@example.com
customer_02494,Customer-02494,customer2494@example.com
customer_02495,Customer-02495,customer2495@example.com
customer_02496,Customer-02496,customer2496@example.com
customer_02497,Customer-02497,customer2497@example.com
customer_02498,Customer-02498,customer2498@example.com
customer_02499,Customer-02499,customer2499@example.com
customer_02500,Customer-02500,customer2500@example.com
customer_02501,Customer-02501,customer2501@example.com
customer_02502,Customer-02502,customer2502@example.com
customer_02503,Customer-02503,customer2503@example.com
customer_02504,Customer-02504,customer2504@example.com
customer_02505,Customer-02505,customer2505@example.com
customer_02506,Customer-02506,customer2506@example.com
customer_02507,Customer-02507,customer2507@example.com
customer_02508,Customer-02508,customer2508@example.com
customer_02509,Customer-02509,customer2509@example.com
customer_02510,Customer-02510,customer2510@example.com
customer_02511,Customer-02511,customer2511@example.com
customer_02512,Customer-02512,customer2512@example.com
customer_02513,Customer-02513,customer2513@example.com
customer_02514,Customer-02514,customer2514@example.com
customer_02515,Customer-02515,customer2515@example.com
customer_02516,Customer-02516,customer2516@example.com
customer_02517,Customer-02517,customer2517@example.com
customer_02518,Customer-02518,customer2518@example.com
customer_02519,Customer-02519,customer2519@example.com
customer_02520,Customer-02520,customer2520@example.com
customer_02521,Customer-02521,customer2521@example.com
customer_02522,Customer-02522,customer2522@example.com
customer_02523,Customer-02523,customer2523@example.com
customer_02524,Customer-02524,customer2524@example.com
customer_02525,Customer-02525,customer2525@example.com
customer_02526,Customer-02526,customer2526@example.com
customer_02527,Customer-02527,customer2527@example.com
customer_02528,Customer-02528,customer2528@example.com
customer_02529,Customer-02529,customer2529@example.com
customer_02530,Customer-02530,customer2530@example.com
customer_02531,Customer-02531,customer2531@example.com
customer_02532,Customer-02532,customer2532@example.com
customer_02533,Customer-02533,customer2533@example.com
customer_02534,Customer-02534,customer2534@example.com
customer_02535,Customer-02535,customer2535@example.com
customer_02536,Customer-02536,customer2536@example.com
customer_02537,Customer-02537,customer2537@example.com
customer_02538,Customer-02538,customer2538@example.com
customer_02539,Customer-02539,customer2539@example.com
customer_02540,Customer-02540,customer2540@example.com
customer_02541,Customer-02541,customer2541@example.com
customer_02542,Customer-02542,customer2542@example.com
customer_02543,Customer-02543,customer2543@example.com
customer_02544,Customer-02544,customer2544@example.com
customer_02545,Customer-02545,customer2545@example.com
customer_02546,Customer-02546,customer2546@example.com
customer_02547,Customer-02547,customer2547@example.com
customer_02548,Customer-02548,customer2548@example.com
customer_02549,Customer-02549,customer2549@example.com
customer_02550,Customer-02550,customer2550@example.com
customer_02551,Customer-02551,customer2551@example.com
customer_02552,Customer-02552,customer2552@example.com
customer_02553,Customer-02553,customer2553@example.com
customer_02554,Customer-02554,customer2554@example.com
customer_02555,Customer-02555,customer2555@example.com
customer_02556,Customer-02556,customer2556@example.com
customer_02557,Customer-02557,customer2557@example.com
customer_02558,Customer-02558,customer2558@example.com
customer_02559,Customer-02559,customer2559@example.com
customer_02560,Customer-02560,customer2560@example.com
customer_02561,Customer-02561,customer2561@example.com
customer_02562,Customer-02562,customer2562@example.com
customer_02563,Customer-02563,customer2563@example.com
customer_02564,Customer-02564,customer2564@example.com
customer_02565,Customer-02565,customer2565@example.com
customer_02566,Customer-02566,customer2566@example.com
customer_02567,Customer-02567,customer2567@example.com
customer_02568,Customer-02568,customer2568@example.com
customer_02569,Customer-02569,customer2569@example.com
customer_02570,Customer-02570,customer2570@example.com
customer_02571,Customer-02571,customer2571@example.com
customer_02572,Customer-02572,customer2572@example.com
customer_02573,Customer-02573,customer2573@example.com
customer_02574,Customer-02574,customer2574@example.com
customer_02575,Customer-02575,customer2575@example.com
customer_02576,Customer-02576,customer2576@example.com
customer_02577,Customer-02577,customer2577@example.com
customer_02578,Customer-02578,customer2578@example.com
customer_02579,Customer-02579,customer2579@example.com
customer_02580,Customer-02580,customer2580@example.com
customer_02581,Customer-02581,customer2581@example.com
customer_02582,Customer-02582,customer2582@example.com
customer_02583,Customer-02583,customer2583@example.com
customer_02584,Customer-02584,customer2584@example.com
customer_02585,Customer-02585,customer2585@example.com
customer_02586,Customer-02586,customer2586@example.com
customer_02587,Customer-02587,customer2587@example.com
customer_02588,Customer-02588,customer2588@example.com
customer_02589,Customer-02589,customer2589@example.com
customer_02590,Customer-02590,customer2590@example.com
customer_02591,Customer-02591,customer2591@example.com
customer_02592,Customer-02592,customer2592@example.com
customer_02593,Customer-02593,customer2593@example.com
customer_02594,Customer-02594,customer2594@example.com
customer_02595,Customer-02595,customer2595@example.com
customer_02596,Customer-02596,customer2596@example.com
customer_02597,Customer-02597,customer2597@example.com
customer_02598,Customer-02598,customer2598@example.com
customer_02599,Customer-02599,customer2599@example.com
customer_02600,Customer-02600,customer2600@example.com
customer_02601,Customer-02601,customer2601@example.com
customer_02602,Customer-02602,customer2602@example.com
customer_02603,Customer-02603,customer2603@example.com
customer_02604,Customer-02604,customer2604@example.com
customer_02605,Customer-02605,customer2605@example.com
customer_02606,Customer-02606,customer2606@example.com
customer_02607,Customer-02607,customer2607@example.com
customer_02608,Customer-02608,customer2608@example.com
customer_02609,Customer-02609,customer2609@example.com
customer_02610,Customer-02610,customer2610@example.com
customer_02611,Customer-02611,customer2611@example.com
customer_02612,Customer-02612,customer2612@example.com
customer_02613,Customer-02613,customer2613@example.com
customer_02614,Customer-02614,customer2614@example.com
customer_02615,Customer-02615,customer2615@example.com
customer_02616,Customer-02616,customer2616@example.com
customer_02617,Customer-02617,customer2617@example.com
customer_02618,Customer-02618,customer2618@example.com
customer_02619,Customer-02619,customer2619@example.com
customer_02620,Customer-02620,customer2620@example.com
customer_02621,Customer-02621,customer2621@example.com
customer_02622,Customer-02622,customer2622@example.com
customer_02623,Customer-02623,customer2623@example.com
customer_02624,Customer-02624,customer2624@example.com
customer_02625,Customer-02625,customer2625@example.com
customer_02626,Customer-02626,customer2626@example.com
customer_02627,Customer-02627,customer2627@example.com
customer_02628,Customer-02628,customer2628@example.com
customer_02629,Customer-02629,customer2629@example.com
customer_02630,Customer-02630,customer2630@example.com
customer_02631,Customer-02631,customer2631@example.com
customer_02632,Customer-02632,customer2632@example.com
customer_02633,Customer-02633,customer2633@example.com
customer_02634,Customer-02634,customer2634@example.com
customer_02635,Customer-02635,customer2635@example.com
customer_02636,Customer-02636,customer2636@example.com
customer_02637,Customer-02637,customer2637@example.com
customer_02638,Customer-02638,customer2638@example.com
customer_02639,Customer-02639,customer2639@example.com
customer_02640,Customer-02640,customer2640@example.com
customer_02641,Customer-02641,customer2641@example.com
customer_02642,Customer-02642,customer2642@example.com
customer_02643,Customer-02643,customer2643@example.com
customer_02644,Customer-02644,customer2644@example.com
customer_02645,Customer-02645,customer2645@example.com
customer_02646,Customer-02646,customer2646@example.com
customer_02647,Customer-02647,customer2647@example.com
customer_02648,Customer-02648,customer2648@example.com
customer_02649,Customer-02649,customer2649@example.com
customer_02650,Customer-02650,customer2650@example.com
customer_02651,Customer-02651,customer2651@example.com
customer_02652,Customer-02652,customer2652@example.com
customer_02653,Customer-02653,customer2653@example.com
customer_02654,Customer-02654,customer2654@example.com
customer_02655,Customer-02655,customer2655@example.com
customer_02656,Customer-02656,customer2656@example.com
customer_02657,Customer-02657,customer2657@example.com
customer_02658,Customer-02658,customer2658@example.com
customer_02659,Customer-02659,customer2659@example.com
customer_02660,Customer-02660,customer2660@example.com
customer_02661,Customer-02661,customer2661@example.com
customer_02662,Customer-02662,customer2662@example.com
customer_02663,Customer-02663,customer2663@example.com
customer_02664,Customer-02664,customer2664@example.com
customer_02665,Customer-02665,customer2665@example.com
customer_02666,Customer-02666,customer2666@example.com
customer_02667,Customer-02667,customer2667@example.com
customer_02668,Customer-02668,customer2668@example.com
customer_02669,Customer-02669,customer2669@example.com
customer_02670,Customer-02670,customer2670@example.com
customer_02671,Customer-02671,customer2671@example.com
customer_02672,Customer-02672,customer2672@example.com
customer_02673,Customer-02673,customer2673@example.com
customer_02674,Customer-02674,customer2674@example.com
customer_02675,Customer-02675,customer2675@example.com
customer_02676,Customer-02676,customer2676@example.com
customer_02677,Customer-02677,customer2677@example.com
customer_02678,Customer-02678,customer2678@example.com
customer_02679,Customer-02679,customer2679@example.com
customer_02680,Customer-02680,customer2680@example.com
customer_02681,Customer-02681,customer2681@example.com
customer_02682,Customer-02682,customer2682@example.com
customer_02683,Customer-02683,customer2683@example.com
customer_02684,Customer-02684,customer2684@example.com
customer_02685,Customer-02685,customer2685@example.com
customer_02686,Customer-02686,customer2686@example.com
customer_02687,Customer-02687,customer2687@example.com
customer_02688,Customer-02688,customer2688@example.com
customer_02689,Customer-02689,customer2689@example.com
customer_02690,Customer-02690,customer2690@example.com
customer_02691,Customer-02691,customer2691@example.com
customer_02692,Customer-02692,customer2692@example.com
customer_02693,Customer-02693,customer2693@example.com
customer_02694,Customer-02694,customer2694@example.com
customer_02695,Customer-02695,customer2695@example.com
customer_02696,Customer-02696,customer2696@example.com
customer_02697,Customer-02697,customer2697@example.com
customer_02698,Customer-02698,customer2698@example.com
customer_02699,Customer-02699,customer2699@example.com
customer_02700,Customer-02700,customer2700@example.com
customer_02701,Customer-02701,customer2701@example.com
customer_02702,Customer-02702,customer2702@example.com
customer_02703,Customer-02703,customer2703@example.com
customer_02704,Customer-02704,customer2704@example.com
customer_02705,Customer-02705,customer2705@example.com
customer_02706,Customer-02706,customer2706@example.com
customer_02707,Customer-02707,customer2707@example.com
customer_02708,Customer-02708,customer2708@example.com
customer_02709,Customer-02709,customer2709@example.com
customer_02710,Customer-02710,customer2710@example.com
customer_02711,Customer-02711,customer2711@example.com
customer_02712,Customer-02712,customer2712@example.com
customer_02713,Customer-02713,customer2713@example.com
customer_02714,Customer-02714,customer2714@example.com
customer_02715,Customer-02715,customer2715@example.com
customer_02716,Customer-02716,customer2716@example.com
customer_02717,Customer-02717,customer2717@example.com
customer_02718,Customer-02718,customer2718@example.com
customer_02719,Customer-02719,customer2719@example.com
customer_02720,Customer-02720,customer2720@example.com
customer_02721,Customer-02721,customer2721@example.com
customer_02722,Customer-02722,customer2722@example.com
customer_02723,Customer-02723,customer2723@example.com
customer_02724,Customer-02724,customer2724@example.com
customer_02725,Customer-02725,customer2725@example.com
customer_02726,Customer-02726,customer2726@example.com
customer_02727,Customer-02727,customer2727@example.com
customer_02728,Customer-02728,customer2728@example.com
customer_02729,Customer-02729,customer2729@example.com
customer_02730,Customer-02730,customer2730@example.com
customer_02731,Customer-02731,customer2731@example.com
customer_02732,Customer-02732,customer2732@example.com
customer_02733,Customer-02733,customer2733@example.com
customer_02734,Customer-02734,customer2734@example.com
customer_02735,Customer-02735,customer2735@example.com
customer_02736,Customer-02736,customer2736@example.com
customer_02737,Customer-02737,customer2737@example.com
customer_02738,Customer-02738,customer2738@example.com
customer_02739,Customer-02739,customer2739@example.com
customer_02740,Customer-02740,customer2740@example.com
customer_02741,Customer-02741,customer2741@example.com
customer_02742,Customer-02742,customer2742@example.com
customer_02743,Customer-02743,customer2743@example.com
customer_02744,Customer-02744,customer2744@example.com
customer_02745,Customer-02745,customer2745@example.com
customer_02746,Customer-02746,customer2746@example.com
customer_02747,Customer-02747,customer2747@example.com
customer_02748,Customer-02748,customer2748@example.com
customer_02749,Customer-02749,customer2749@example.com
customer_02750,Customer-02750,customer2750@example.com
customer_02751,Customer-02751,customer2751@example.com
customer_02752,Customer-02752,customer2752@example.com
customer_02753,Customer-02753,customer2753@example.com
customer_02754,Customer-02754,customer2754@example.com
customer_02755,Customer-02755,customer2755@example.com
customer_02756,Customer-02756,customer2756@example.com
customer_02757,Customer-02757,customer2757@example.com
customer_02758,Customer-02758,customer2758@example.com
customer_02759,Customer-02759,customer2759@example.com
customer_02760,Customer-02760,customer2760@example.com
customer_02761,Customer-02761,customer2761@example.com
customer_02762,Customer-02762,customer2762@example.com
customer_02763,Customer-02763,customer2763@example.com
customer_02764,Customer-02764,customer2764@example.com
customer_02765,Customer-02765,customer2765@example.com
customer_02766,Customer-02766,customer2766@example.com
customer_02767,Customer-02767,customer2767@example.com
customer_02768,Customer-02768,customer2768@example.com
customer_02769,Customer-02769,customer2769@example.com
customer_02770,Customer-02770,customer2770@example.com
customer_02771,Customer-02771,customer2771@example.com
customer_02772,Customer-02772,customer2772@example.com
customer_02773,Customer-02773,customer2773@example.com
customer_02774,Customer-02774,customer2774@example.com
customer_02775,Customer-02775,customer2775@example.com
customer_02776,Customer-02776,customer2776@example.com
customer_02777,Customer-02777,customer2777@example.com
customer_02778,Customer-02778,customer2778@example.com
customer_02779,Customer-02779,customer2779@example.com
customer_02780,Customer-02780,customer2780@example.com
customer_02781,Customer-02781,customer2781@example.com
customer_02782,Customer-02782,customer2782@example.com
customer_02783,Customer-02783,customer2783@example.com
customer_02784,Customer-02784,customer2784@example.com
customer_02785,Customer-02785,customer2785@example.com
customer_02786,Customer-02786,customer2786@example.com
customer_02787,Customer-02787,customer2787@example.com
customer_02788,Customer-02788,customer2788@example.com
customer_02789,Customer-02789,customer2789@example.com
customer_02790,Customer-02790,customer2790@example.com
customer_02791,Customer-02791,customer2791@example.com
customer_02792,Customer-02792,customer2792@example.com
customer_02793,Customer-02793,customer2793@example.com
customer_02794,Customer-02794,customer2794@example.com
customer_02795,Customer-02795,customer2795@example.com
customer_02796,Customer-02796,customer2796@example.com
customer_02797,Customer-02797,customer2797@example.com
customer_02798,Customer-02798,customer2798@example.com
customer_02799,Customer-02799,customer2799@example.com
customer_02800,Customer-02800,customer2800@example.com
customer_02801,Customer-02801,customer2801@example.com
customer_02802,Customer-02802,customer2802@example.com
customer_02803,Customer-02803,customer2803@example.com
customer_02804,Customer-02804,customer2804@example.com
customer_02805,Customer-02805,customer2805@example.com
customer_02806,Customer-02806,customer2806@example.com
customer_02807,Customer-02807,customer2807@example.com
customer_02808,Customer-02808,customer2808@example.com
customer_02809,Customer-02809,customer2809@example.com
customer_02810,Customer-02810,customer2810@example.com
customer_02811,Customer-02811,customer2811@example.com
customer_02812,Customer-02812,customer2812@example.com
customer_02813,Customer-02813,customer2813@example.com
customer_02814,Customer-02814,customer2814@example.com
customer_02815,Customer-02815,customer2815@example.com
customer_02816,Customer-02816,customer2816@example.com
customer_02817,Customer-02817,customer2817@example.com
customer_02818,Customer-02818,customer2818@example.com
customer_02819,Customer-02819,customer2819@example.com
customer_02820,Customer-02820,customer2820@example.com
customer_02821,Customer-02821,customer2821@example.com
customer_02822,Customer-02822,customer2822@example.com
customer_02823,Customer-02823,customer2823@example.com
customer_02824,Customer-02824,customer2824@example.com
customer_02825,Customer-02825,customer2825@example.com
customer_02826,Customer-02826,customer2826@example.com
customer_02827,Customer-02827,customer2827@example.com
customer_02828,Customer-02828,customer2828@example.com
customer_02829,Customer-02829,customer2829@example.com
customer_02830,Customer-02830,customer2830@example.com
customer_02831,Customer-02831,customer2831@example.com
customer_02832,Customer-02832,customer2832@example.com
customer_02833,Customer-02833,customer2833@example.com
customer_02834,Customer-02834,customer2834@example.com
customer_02835,Customer-02835,customer2835@example.com
customer_02836,Customer-02836,customer2836@example.com
customer_02837,Customer-02837,customer2837@example.com
customer_02838,Customer-02838,customer2838@example.com
customer_02839,Customer-02839,customer2839@example.com
customer_02840,Customer-02840,customer2840@example.com
customer_02841,Customer-02841,customer2841@example.com
customer_02842,Customer-02842,customer2842@example.com
customer_02843,Customer-02843,customer2843@example.com
customer_02844,Customer-02844,customer2844@example.com
customer_02845,Customer-02845,customer2845@example.com
customer_02846,Customer-02846,customer2846@example.com
customer_02847,Customer-02847,customer2847@example.com
customer_02848,Customer-02848,customer2848@example.com
customer_02849,Customer-02849,customer2849@example.com
customer_02850,Customer-02850,customer2850@example.com
customer_02851,Customer-02851,customer2851@example.com
customer_02852,Customer-02852,customer2852@example.com
customer_02853,Customer-02853,customer2853@example.com
customer_02854,Customer-02854,customer2854@example.com
customer_02855,Customer-02855,customer2855@example.com
customer_02856,Customer-02856,customer2856@example.com
customer_02857,Customer-02857,customer2857@example.com
customer_02858,Customer-02858,customer2858@example.com
customer_02859,Customer-02859,customer2859@example.com
customer_02860,Customer-02860,customer2860@example.com
customer_02861,Customer-02861,customer2861@example.com
customer_02862,Customer-02862,customer2862@example.com
customer_02863,Customer-02863,customer2863@example.com
customer_02864,Customer-02864,customer2864@example.com
customer_02865,Customer-02865,customer2865@example.com
customer_02866,Customer-02866,customer2866@example.com
customer_02867,Customer-02867,customer2867@example.com
customer_02868,Customer-02868,customer2868@example.com
customer_02869,Customer-02869,customer2869@example.com
customer_02870,Customer-02870,customer2870@example.com
customer_02871,Customer-02871,customer2871@example.com
customer_02872,Customer-02872,customer2872@example.com
customer_02873,Customer-02873,customer2873@example.com
customer_02874,Customer-02874,customer2874@example.com
customer_02875,Customer-02875,customer2875@example.com
customer_02876,Customer-02876,customer2876@example.com
customer_02877,Customer-02877,customer2877@example.com
customer_02878,Customer-02878,customer2878@example.com
customer_02879,Customer-02879,customer2879@example.com
customer_02880,Customer-02880,customer2880@example.com
customer_02881,Customer-02881,customer2881@example.com
customer_02882,Customer-02882,customer2882@example.com
customer_02883,Customer-02883,customer2883@example.com
customer_02884,Customer-02884,customer2884@example.com
customer_02885,Customer-02885,customer2885@example.com
customer_02886,Customer-02886,customer2886@example.com
customer_02887,Customer-02887,customer2887@example.com
customer_02888,Customer-02888,customer2888@example.com
customer_02889,Customer-02889,customer2889@example.com
customer_02890,Customer-02890,customer2890@example.com
customer_02891,Customer-02891,customer2891@example.com
customer_02892,Customer-02892,customer2892@example.com
customer_02893,Customer-02893,customer2893@example.com
customer_02894,Customer-02894,customer2894@example.com
customer_02895,Customer-02895,customer2895@example.com
customer_02896,Customer-02896,customer2896@example.com
customer_02897,Customer-02897,customer2897@example.com
customer_02898,Customer-02898,customer2898@example.com
customer_02899,Customer-02899,customer2899@example.com
customer_02900,Customer-02900,customer2900@example.com
customer_02901,Customer-02901,customer2901@example.com
customer_02902,Customer-02902,customer2902@example.com
customer_02903,Customer-02903,customer2903@example.com
customer_02904,Customer-02904,customer2904@example.com
customer_02905,Customer-02905,customer2905@example.com
customer_02906,Customer-02906,customer2906@example.com
customer_02907,Customer-02907,customer2907@example.com
customer_02908,Customer-02908,customer2908@example.com
customer_02909,Customer-02909,customer2909@example.com
customer_02910,Customer-02910,customer2910@example.com
customer_02911,Customer-02911,customer2911@example.com
customer_02912,Customer-02912,customer2912@example.com
customer_02913,Customer-02913,customer2913@example.com
customer_02914,Customer-02914,customer2914@example.com
customer_02915,Customer-02915,customer2915@example.com
customer_02916,Customer-02916,customer2916@example.com
customer_02917,Customer-02917,customer2917@example.com
customer_02918,Customer-02918,customer2918@example.com
customer_02919,Customer-02919,customer2919@example.com
customer_02920,Customer-02920,customer2920@example.com
customer_02921,Customer-02921,customer2921@example.com
customer_02922,Customer-02922,customer2922@example.com
customer_02923,Customer-02923,customer2923@example.com
customer_02924,Customer-02924,customer2924@example.com
customer_02925,Customer-02925,customer2925@example.com
customer_02926,Customer-02926,customer2926@example.com
customer_02927,Customer-02927,customer2927@example.com
customer_02928,Customer-02928,customer2928@example.com
customer_02929,Customer-02929,customer2929@example.com
customer_02930,Customer-02930,customer2930@example.com
customer_02931,Customer-02931,customer2931@example.com
customer_02932,Customer-02932,customer2932@example.com
customer_02933,Customer-02933,customer2933@example.com
customer_02934,Customer-02934,customer2934@example.com
customer_02935,Customer-02935,customer2935@example.com
customer_02936,Customer-02936,customer2936@example.com
customer_02937,Customer-02937,customer2937@example.com
customer_02938,Customer-02938,customer2938@example.com
customer_02939,Customer-02939,customer2939@example.com
customer_02940,Customer-02940,customer2940@example.com
customer_02941,Customer-02941,customer2941@example.com
customer_02942,Customer-02942,customer2942@example.com
customer_02943,Customer-02943,customer2943@example.com
customer_02944,Customer-02944,customer2944@example.com
customer_02945,Customer-02945,customer2945@example.com
customer_02946,Customer-02946,customer2946@example.com
customer_02947,Customer-02947,customer2947@example.com
customer_02948,Customer-02948,customer2948@example.com
customer_02949,Customer-02949,customer2949@example.com
customer_02950,Customer-02950,customer2950@example.com
customer_02951,Customer-02951,customer2951@example.com
customer_02952,Customer-02952,customer2952@example.com
customer_02953,Customer-02953,customer2953@example.com
customer_02954,Customer-02954,customer2954@example.com
customer_02955,Customer-02955,customer2955@example.com
customer_02956,Customer-02956,customer2956@example.com
customer_02957,Customer-02957,customer2957@example.com
customer_02958,Customer-02958,customer2958@example.com
customer_02959,Customer-02959,customer2959@example.com
customer_02960,Customer-02960,customer2960@example.com
customer_02961,Customer-02961,customer2961@example.com
customer_02962,Customer-02962,customer2962@example.com
customer_02963,Customer-02963,customer2963@example.com
customer_02964,Customer-02964,customer2964@example.com
customer_02965,Customer-02965,customer2965@example.com
customer_02966,Customer-02966,customer2966@example.com
customer_02967,Customer-02967,customer2967@example.com
customer_02968,Customer-02968,customer2968@example.com
customer_02969,Customer-02969,customer2969@example.com
customer_02970,Customer-02970,customer2970@example.com
customer_02971,Customer-02971,customer2971@example.com
customer_02972,Customer-02972,customer2972@example.com
customer_02973,Customer-02973,customer2973@example.com
customer_02974,Customer-02974,customer2974@example.com
customer_02975,Customer-02975,customer2975@example.com
customer_02976,Customer-02976,customer2976@example.com
customer_02977,Customer-02977,customer2977@example.com
customer_02978,Customer-02978,customer2978@example.com
customer_02979,Customer-02979,customer2979@example.com
customer_02980,Customer-02980,customer2980@example.com
customer_02981,Customer-02981,customer2981@example.com
customer_02982,Customer-02982,customer2982@example.com
customer_02983,Customer-02983,customer2983@example.com
customer_02984,Customer-02984,customer2984@example.com
customer_02985,Customer-02985,customer2985@example.com
customer_02986,Customer-02986,customer2986@example.com
customer_02987,Customer-02987,customer2987@example.com
customer_02988,Customer-02988,customer2988@example.com
customer_02989,Customer-02989,customer2989@example.com
customer_02990,Customer-02990,customer2990@example.com
customer_02991,Customer-02991,customer2991@example.com
customer_02992,Customer-02992,customer2992@example.com
customer_02993,Customer-02993,customer2993@example.com
customer_02994,Customer-02994,customer2994@example.com
customer_02995,Customer-02995,customer2995@example.com
customer_02996,Customer-02996,customer2996@example.com
customer_02997,Customer-02997,customer2997@example.com
customer_02998,Customer-02998,customer2998@example.com
customer_02999,Customer-02999,customer2999@example.com
customer_03000,Customer-03000,customer3000@example.com
customer_03001,Customer-03001,customer3001@example.com
customer_03002,Customer-03002,customer3002@example.com
customer_03003,Customer-03003,customer3003@example.com
customer_03004,Customer-03004,customer3004@example.com
customer_03005,Customer-03005,customer3005@example.com
customer_03006,Customer-03006,customer3006@example.com
customer_03007,Customer-03007,customer3007@example.com
customer_03008,Customer-03008,customer3008@example.com
customer_03009,Customer-03009,customer3009@example.com
customer_03010,Customer-03010,customer3010@example.com
customer_03011,Customer-03011,customer3011@example.com
customer_03012,Customer-03012,customer3012@example.com
customer_03013,Customer-03013,customer3013@example.com
customer_03014,Customer-03014,customer3014@example.com
customer_03015,Customer-03015,customer3015@example.com
customer_03016,Customer-03016,customer3016@example.com
customer_03017,Customer-03017,customer3017@example.com
customer_03018,Customer-03018,customer3018@example.com
customer_03019,Customer-03019,customer3019@example.com
customer_03020,Customer-03020,customer3020@example.com
customer_03021,Customer-03021,customer3021@example.com
customer_03022,Customer-03022,customer3022@example.com
customer_03023,Customer-03023,customer3023@example.com
customer_03024,Customer-03024,customer3024@example.com
customer_03025,Customer-03025,customer3025@example.com
customer_03026,Customer-03026,customer3026@example.com
customer_03027,Customer-03027,customer3027@example.com
customer_03028,Customer-03028,customer3028@example.com
customer_03029,Customer-03029,customer3029@example.com
customer_03030,Customer-03030,customer3030@example.com
customer_03031,Customer-03031,customer3031@example.com
customer_03032,Customer-03032,customer3032@example.com
customer_03033,Customer-03033,customer3033@example.com
customer_03034,Customer-03034,customer3034@example.com
customer_03035,Customer-03035,customer3035@example.com
customer_03036,Customer-03036,customer3036@example.com
customer_03037,Customer-03037,customer3037@example.com
customer_03038,Customer-03038,customer3038@example.com
customer_03039,Customer-03039,customer3039@example.com
customer_03040,Customer-03040,customer3040@example.com
customer_03041,Customer-03041,customer3041@example.com
customer_03042,Customer-03042,customer3042@example.com
customer_03043,Customer-03043,customer3043@example.com
customer_03044,Customer-03044,customer3044@example.com
customer_03045,Customer-03045,customer3045@example.com
customer_03046,Customer-03046,customer3046@example.com
customer_03047,Customer-03047,customer3047@example.com
customer_03048,Customer-03048,customer3048@example.com
customer_03049,Customer-03049,customer3049@example.com
customer_03050,Customer-03050,customer3050@example.com
customer_03051,Customer-03051,customer3051@example.com
customer_03052,Customer-03052,customer3052@example.com
customer_03053,Customer-03053,customer3053@example.com
customer_03054,Customer-03054,customer3054@example.com
customer_03055,Customer-03055,customer3055@example.com
customer_03056,Customer-03056,customer3056@example.com
customer_03057,Customer-03057,customer3057@example.com
customer_03058,Customer-03058,customer3058@example.com
customer_03059,Customer-03059,customer3059@example.com
customer_03060,Customer-03060,customer3060@example.com
customer_03061,Customer-03061,customer3061@example.com
customer_03062,Customer-03062,customer3062@example.com
customer_03063,Customer-03063,customer3063@example.com
customer_03064,Customer-03064,customer3064@example.com
customer_03065,Customer-03065,customer3065@example.com
customer_03066,Customer-03066,customer3066@example.com
customer_03067,Customer-03067,customer3067@example.com
customer_03068,Customer-03068,customer3068@example.com
customer_03069,Customer-03069,customer3069@example.com
customer_03070,Customer-03070,customer3070@example.com
customer_03071,Customer-03071,customer3071@example.com
customer_03072,Customer-03072,customer3072@example.com
customer_03073,Customer-03073,customer3073@example.com
customer_03074,Customer-03074,customer3074@example.com
customer_03075,Customer-03075,customer3075@example.com
customer_03076,Customer-03076,customer3076@example.com
customer_03077,Customer-03077,customer3077@example.com
customer_03078,Customer-03078,customer3078@example.com
customer_03079,Customer-03079,customer3079@example.com
customer_03080,Customer-03080,customer3080@example.com
customer_03081,Customer-03081,customer3081@example.com
customer_03082,Customer-03082,customer3082@example.com
customer_03083,Customer-03083,customer3083@example.com
customer_03084,Customer-03084,customer3084@example.com
customer_03085,Customer-03085,customer3085@example.com
customer_03086,Customer-03086,customer3086@example.com
customer_03087,Customer-03087,customer3087@example.com
customer_03088,Customer-03088,customer3088@example.com
customer_03089,Customer-03089,customer3089@example.com
customer_03090,Customer-03090,customer3090@example.com
customer_03091,Customer-03091,customer3091@example.com
customer_03092,Customer-03092,customer3092@example.com
customer_03093,Customer-03093,customer3093@example.com
customer_03094,Customer-03094,customer3094@example.com
customer_03095,Customer-03095,customer3095@example.com
customer_03096,Customer-03096,customer3096@example.com
customer_03097,Customer-03097,customer3097@example.com
customer_03098,Customer-03098,customer3098@example.com
customer_03099,Customer-03099,customer3099@example.com
customer_03100,Customer-03100,customer3100@example.com
customer_03101,Customer-03101,customer3101@example.com
customer_03102,Customer-03102,customer3102@example.com
customer_03103,Customer-03103,customer3103@example.com
customer_03104,Customer-03104,customer3104@example.com
customer_03105,Customer-03105,customer3105@example.com
customer_03106,Customer-03106,customer3106@example.com
customer_03107,Customer-03107,customer3107@example.com
customer_03108,Customer-03108,customer3108@example.com
customer_03109,Customer-03109,customer3109@example.com
customer_03110,Customer-03110,customer3110@example.com
customer_03111,Customer-03111,customer3111@example.com
customer_03112,Customer-03112,customer3112@example.com
customer_03113,Customer-03113,customer3113@example.com
customer_03114,Customer-03114,customer3114@example.com
customer_03115,Customer-03115,customer3115@example.com
customer_03116,Customer-03116,customer3116@example.com
customer_03117,Customer-03117,customer3117@example.com
customer_03118,Customer-03118,customer3118@example.com
customer_03119,Customer-03119,customer3119@example.com
customer_03120,Customer-03120,customer3120@example.com
customer_03121,Customer-03121,customer3121@example.com
customer_03122,Customer-03122,customer3122@example.com
customer_03123,Customer-03123,customer3123@example.com
customer_03124,Customer-03124,customer3124@example.com
customer_03125,Customer-03125,customer3125@example.com
customer_03126,Customer-03126,customer3126@example.com
customer_03127,Customer-03127,customer3127@example.com
customer_03128,Customer-03128,customer3128@example.com
customer_03129,Customer-03129,customer3129@example.com
customer_03130,Customer-03130,customer3130@example.com
customer_03131,Customer-03131,customer3131@example.com
customer_03132,Customer-03132,customer3132@example.com
customer_03133,Customer-03133,customer3133@example.com
customer_03134,Customer-03134,customer3134@example.com
customer_03135,Customer-03135,customer3135@example.com
customer_03136,Customer-03136,customer3136@example.com
customer_03137,Customer-03137,customer3137@example.com
customer_03138,Customer-03138,customer3138@example.com
customer_03139,Customer-03139,customer3139@example.com
customer_03140,Customer-03140,customer3140@example.com
customer_03141,Customer-03141,customer3141@example.com
customer_03142,Customer-03142,customer3142@example.com
customer_03143,Customer-03143,customer3143@example.com
customer_03144,Customer-03144,customer3144@example.com
customer_03145,Customer-03145,customer3145@example.com
customer_03146,Customer-03146,customer3146@example.com
customer_03147,Customer-03147,customer3147@example.com
customer_03148,Customer-03148,customer3148@example.com
customer_03149,Customer-03149,customer3149@example.com
customer_03150,Customer-03150,customer3150@example.com
customer_03151,Customer-03151,customer3151@example.com
customer_03152,Customer-03152,customer3152@example.com
customer_03153,Customer-03153,customer3153@example.com
customer_03154,Customer-03154,customer3154@example.com
customer_03155,Customer-03155,customer3155@example.com
customer_03156,Customer-03156,customer3156@example.com
customer_03157,Customer-03157,customer3157@example.com
customer_03158,Customer-03158,customer3158@example.com
customer_03159,Customer-03159,customer3159@example.com
customer_03160,Customer-03160,customer3160@example.com
customer_03161,Customer-03161,customer3161@example.com
customer_03162,Customer-03162,customer3162@example.com
customer_03163,Customer-03163,customer3163@example.com
customer_03164,Customer-03164,customer3164@example.com
customer_03165,Customer-03165,customer3165@example.com
customer_03166,Customer-03166,customer3166@example.com
customer_03167,Customer-03167,customer3167@example.com
customer_03168,Customer-03168,customer3168@example.com
customer_03169,Customer-03169,customer3169@example.com
customer_03170,Customer-03170,customer3170@example.com
customer_03171,Customer-03171,customer3171@example.com
customer_03172,Customer-03172,customer3172@example.com
customer_03173,Customer-03173,customer3173@example.com
customer_03174,Customer-03174,customer3174@example.com
customer_03175,Customer-03175,customer3175@example.com
customer_03176,Customer-03176,customer3176@example.com
customer_03177,Customer-03177,customer3177@example.com
customer_03178,Customer-03178,customer3178@example.com
customer_03179,Customer-03179,customer3179@example.com
customer_03180,Customer-03180,customer3180@example.com
customer_03181,Customer-03181,customer3181@example.com
customer_03182,Customer-03182,customer3182@example.com
customer_03183,Customer-03183,customer3183@example.com
customer_03184,Customer-03184,customer3184@example.com
customer_03185,Customer-03185,customer3185@example.com
customer_03186,Customer-03186,customer3186@example.com
customer_03187,Customer-03187,customer3187@example.com
customer_03188,Customer-03188,customer3188@example.com
customer_03189,Customer-03189,customer3189@example.com
customer_03190,Customer-03190,customer3190@example.com
customer_03191,Customer-03191,customer3191@example.com
customer_03192,Customer-03192,customer3192@example.com
customer_03193,Customer-03193,customer3193@example.com
customer_03194,Customer-03194,customer3194@example.com
customer_03195,Customer-03195,customer3195@example.com
customer_03196,Customer-03196,customer3196@example.com
customer_03197,Customer-03197,customer3197@example.com
customer_03198,Customer-03198,customer3198@example.com
customer_03199,Customer-03199,customer3199@example.com
customer_03200,Customer-03200,customer3200@example.com
customer_03201,Customer-03201,customer3201@example.com
customer_03202,Customer-03202,customer3202@example.com
customer_03203,Customer-03203,customer3203@example.com
customer_03204,Customer-03204,customer3204@example.com
customer_03205,Customer-03205,customer3205@example.com
customer_03206,Customer-03206,customer3206@example.com
customer_03207,Customer-03207,customer3207@example.com
customer_03208,Customer-03208,customer3208@example.com
customer_03209,Customer-03209,customer3209@example.com
customer_03210,Customer-03210,customer3210@example.com
customer_03211,Customer-03211,customer3211@example.com
customer_03212,Customer-03212,customer3212@example.com
customer_03213,Customer-03213,customer3213@example.com
customer_03214,Customer-03214,customer3214@example.com
customer_03215,Customer-03215,customer3215@example.com
customer_03216,Customer-03216,customer3216@example.com
customer_03217,Customer-03217,customer3217@example.com
customer_03218,Customer-03218,customer3218@example.com
customer_03219,Customer-03219,customer3219@example.com
customer_03220,Customer-03220,customer3220@example.com
customer_03221,Customer-03221,customer3221@example.com
customer_03222,Customer-03222,customer3222@example.com
customer_03223,Customer-03223,customer3223@example.com
customer_03224,Customer-03224,customer3224@example.com
customer_03225,Customer-03225,customer3225@example.com
customer_03226,Customer-03226,customer3226@example.com
customer_03227,Customer-03227,customer3227@example.com
customer_03228,Customer-03228,customer3228@example.com
customer_03229,Customer-03229,customer3229@example.com
customer_03230,Customer-03230,customer3230@example.com
customer_03231,Customer-03231,customer3231@example.com
customer_03232,Customer-03232,customer3232@example.com
customer_03233,Customer-03233,customer3233@example.com
customer_03234,Customer-03234,customer3234@example.com
customer_03235,Customer-03235,customer3235@example.com
customer_03236,Customer-03236,customer3236@example.com
customer_03237,Customer-03237,customer3237@example.com
customer_03238,Customer-03238,customer3238@example.com
customer_03239,Customer-03239,customer3239@example.com
customer_03240,Customer-03240,customer3240@example.com
customer_03241,Customer-03241,customer3241@example.com
customer_03242,Customer-03242,customer3242@example.com
customer_03243,Customer-03243,customer3243@example.com
customer_03244,Customer-03244,customer3244@example.com
customer_03245,Customer-03245,customer3245@example.com
customer_03246,Customer-03246,customer3246@example.com
customer_03247,Customer-03247,customer3247@example.com
customer_03248,Customer-03248,customer3248@example.com
customer_03249,Customer-03249,customer3249@example.com
customer_03250,Customer-03250,customer3250@example.com
customer_03251,Customer-03251,customer3251@example.com
customer_03252,Customer-03252,customer3252@example.com
customer_03253,Customer-03253,customer3253@example.com
customer_03254,Customer-03254,customer3254@example.com
customer_03255,Customer-03255,customer3255@example.com
customer_03256,Customer-03256,customer3256@example.com
customer_03257,Customer-03257,customer3257@example.com
customer_03258,Customer-03258,customer3258@example.com
customer_03259,Customer-03259,customer3259@example.com
customer_03260,Customer-03260,customer3260@example.com
customer_03261,Customer-03261,customer3261@example.com
customer_03262,Customer-03262,customer3262@example.com
customer_03263,Customer-03263,customer3263@example.com
customer_03264,Customer-03264,customer3264@example.com
customer_03265,Customer-03265,customer3265@example.com
customer_03266,Customer-03266,customer3266@example.com
customer_03267,Customer-03267,customer3267@example.com
customer_03268,Customer-03268,customer3268@example.com
customer_03269,Customer-03269,customer3269@example.com
customer_03270,Customer-03270,customer3270@example.com
customer_03271,Customer-03271,customer3271@example.com
customer_03272,Customer-03272,customer3272@example.com
customer_03273,Customer-03273,customer3273@example.com
customer_03274,Customer-03274,customer3274@example.com
customer_03275,Customer-03275,customer3275@example.com
customer_03276,Customer-03276,customer3276@example.com
customer_03277,Customer-03277,customer3277@example.com
customer_03278,Customer-03278,customer3278@example.com
customer_03279,Customer-03279,customer3279@example.com
customer_03280,Customer-03280,customer3280@example.com
customer_03281,Customer-03281,customer3281@example.com
customer_03282,Customer-03282,customer3282@example.com
customer_03283,Customer-03283,customer3283@example.com
customer_03284,Customer-03284,customer3284@example.com
customer_03285,Customer-03285,customer3285@example.com
customer_03286,Customer-03286,customer3286@example.com
customer_03287,Customer-03287,customer3287@example.com
customer_03288,Customer-03288,customer3288@example.com
customer_03289,Customer-03289,customer3289@example.com
customer_03290,Customer-03290,customer3290@example.com
customer_03291,Customer-03291,customer3291@example.com
customer_03292,Customer-03292,customer3292@example.com
customer_03293,Customer-03293,customer3293@example.com
customer_03294,Customer-03294,customer3294@example.com
customer_03295,Customer-03295,customer3295@example.com
customer_03296,Customer-03296,customer3296@example.com
customer_03297,Customer-03297,customer3297@example.com
customer_03298,Customer-03298,customer3298@example.com
customer_03299,Customer-03299,customer3299@example.com
customer_03300,Customer-03300,customer3300@example.com
customer_03301,Customer-03301,customer3301@example.com
customer_03302,Customer-03302,customer3302@example.com
customer_03303,Customer-03303,customer3303@example.com
customer_03304,Customer-03304,customer3304@example.com
customer_03305,Customer-03305,customer3305@example.com
customer_03306,Customer-03306,customer3306@example.com
customer_03307,Customer-03307,customer3307@example.com
customer_03308,Customer-03308,customer3308@example.com
customer_03309,Customer-03309,customer3309@example.com
customer_03310,Customer-03310,customer3310@example.com
customer_03311,Customer-03311,customer3311@example.com
customer_03312,Customer-03312,customer3312@example.com
customer_03313,Customer-03313,customer3313@example.com
customer_03314,Customer-03314,customer3314@example.com
customer_03315,Customer-03315,customer3315@example.com
customer_03316,Customer-03316,customer3316@example.com
customer_03317,Customer-03317,customer3317@example.com
customer_03318,Customer-03318,customer3318@example.com
customer_03319,Customer-03319,customer3319@example.com
customer_03320,Customer-03320,customer3320@example.com
customer_03321,Customer-03321,customer3321@example.com
customer_03322,Customer-03322,customer3322@example.com
customer_03323,Customer-03323,customer3323@example.com
customer_03324,Customer-03324,customer3324@example.com
customer_03325,Customer-03325,customer3325@example.com
customer_03326,Customer-03326,customer3326@example.com
customer_03327,Customer-03327,customer3327@example.com
customer_03328,Customer-03328,customer3328@example.com
customer_03329,Customer-03329,customer3329@example.com
customer_03330,Customer-03330,customer3330@example.com
customer_03331,Customer-03331,customer3331@example.com
customer_03332,Customer-03332,customer3332@example.com
customer_03333,Customer-03333,customer3333@example.com
customer_03334,Customer-03334,customer3334@example.com
customer_03335,Customer-03335,customer3335@example.com
customer_03336,Customer-03336,customer3336@example.com
customer_03337,Customer-03337,customer3337@example.com
customer_03338,Customer-03338,customer3338@example.com
customer_03339,Customer-03339,customer3339@example.com
customer_03340,Customer-03340,customer3340@example.com
customer_03341,Customer-03341,customer3341@example.com
customer_03342,Customer-03342,customer3342@example.com
customer_03343,Customer-03343,customer3343@example.com
customer_03344,Customer-03344,customer3344@example.com
customer_03345,Customer-03345,customer3345@example.com
customer_03346,Customer-03346,customer3346@example.com
customer_03347,Customer-03347,customer3347@example.com
customer_03348,Customer-03348,customer3348@example.com
customer_03349,Customer-03349,customer3349@example.com
customer_03350,Customer-03350,customer3350@example.com
customer_03351,Customer-03351,customer3351@example.com
customer_03352,Customer-03352,customer3352@example.com
customer_03353,Customer-03353,customer3353@example.com
customer_03354,Customer-03354,customer3354@example.com
customer_03355,Customer-03355,customer3355@example.com
customer_03356,Customer-03356,customer3356@example.com
customer_03357,Customer-03357,customer3357@example.com
customer_03358,Customer-03358,customer3358@example.com
customer_03359,Customer-03359,customer3359@example.com
customer_03360,Customer-03360,customer3360@example.com
customer_03361,Customer-03361,customer3361@example.com
customer_03362,Customer-03362,customer3362@example.com
customer_03363,Customer-03363,customer3363@example.com
customer_03364,Customer-03364,customer3364@example.com
customer_03365,Customer-03365,customer3365@example.com
customer_03366,Customer-03366,customer3366@example.com
customer_03367,Customer-03367,customer3367@example.com
customer_03368,Customer-03368,customer3368@example.com
customer_03369,Customer-03369,customer3369@example.com
customer_03370,Customer-03370,customer3370@example.com
customer_03371,Customer-03371,customer3371@example.com
customer_03372,Customer-03372,customer3372@example.com
customer_03373,Customer-03373,customer3373@example.com
customer_03374,Customer-03374,customer3374@example.com
customer_03375,Customer-03375,customer3375@example.com
customer_03376,Customer-03376,customer3376@example.com
customer_03377,Customer-03377,customer3377@example.com
customer_03378,Customer-03378,customer3378@example.com
customer_03379,Customer-03379,customer3379@example.com
customer_03380,Customer-03380,customer3380@example.com
customer_03381,Customer-03381,customer3381@example.com
customer_03382,Customer-03382,customer3382@example.com
customer_03383,Customer-03383,customer3383@example.com
customer_03384,Customer-03384,customer3384@example.com
customer_03385,Customer-03385,customer3385@example.com
customer_03386,Customer-03386,customer3386@example.com
customer_03387,Customer-03387,customer3387@example.com
customer_03388,Customer-03388,customer3388@example.com
customer_03389,Customer-03389,customer3389@example.com
customer_03390,Customer-03390,customer3390@example.com
customer_03391,Customer-03391,customer3391@example.com
customer_03392,Customer-03392,customer3392@example.com
customer_03393,Customer-03393,customer3393@example.com
customer_03394,Customer-03394,customer3394@example.com
customer_03395,Customer-03395,customer3395@example.com
customer_03396,Customer-03396,customer3396@example.com
customer_03397,Customer-03397,customer3397@example.com
customer_03398,Customer-03398,customer3398@example.com
customer_03399,Customer-03399,customer3399@example.com
customer_03400,Customer-03400,customer3400@example.com
customer_03401,Customer-03401,customer3401@example.com
customer_03402,Customer-03402,customer3402@example.com
customer_03403,Customer-03403,customer3403@example.com
customer_03404,Customer-03404,customer3404@example.com
customer_03405,Customer-03405,customer3405@example.com
customer_03406,Customer-03406,customer3406@example.com
customer_03407,Customer-03407,customer3407@example.com
customer_03408,Customer-03408,customer3408@example.com
customer_03409,Customer-03409,customer3409@example.com
customer_03410,Customer-03410,customer3410@example.com
customer_03411,Customer-03411,customer3411@example.com
customer_03412,Customer-03412,customer3412@example.com
customer_03413,Customer-03413,customer3413@example.com
customer_03414,Customer-03414,customer3414@example.com
customer_03415,Customer-03415,customer3415@example.com
customer_03416,Customer-03416,customer3416@example.com
customer_03417,Customer-03417,customer3417@example.com
customer_03418,Customer-03418,customer3418@example.com
customer_03419,Customer-03419,customer3419@example.com
customer_03420,Customer-03420,customer3420@example.com
customer_03421,Customer-03421,customer3421@example.com
customer_03422,Customer-03422,customer3422@example.com
customer_03423,Customer-03423,customer3423@example.com
customer_03424,Customer-03424,customer3424@example.com
customer_03425,Customer-03425,customer3425@example.com
customer_03426,Customer-03426,customer3426@example.com
customer_03427,Customer-03427,customer3427@example.com
customer_03428,Customer-03428,customer3428@example.com
customer_03429,Customer-03429,customer3429@example.com
customer_03430,Customer-03430,customer3430@example.com
customer_03431,Customer-03431,customer3431@example.com
customer_03432,Customer-03432,customer3432@example.com
customer_03433,Customer-03433,customer3433@example.com
customer_03434,Customer-03434,customer3434@example.com
customer_03435,Customer-03435,customer3435@example.com
customer_03436,Customer-03436,customer3436@example.com
customer_03437,Customer-03437,customer3437@example.com
customer_03438,Customer-03438,customer3438@example.com
customer_03439,Customer-03439,customer3439@example.com
customer_03440,Customer-03440,customer3440@example.com
customer_03441,Customer-03441,customer3441@example.com
customer_03442,Customer-03442,customer3442@example.com
customer_03443,Customer-03443,customer3443@example.com
customer_03444,Customer-03444,customer3444@example.com
customer_03445,Customer-03445,customer3445@example.com
customer_03446,Customer-03446,customer3446@example.com
customer_03447,Customer-03447,customer3447@example.com
customer_03448,Customer-03448,customer3448@example.com
customer_03449,Customer-03449,customer3449@example.com
customer_03450,Customer-03450,customer3450@example.com
customer_03451,Customer-03451,customer3451@example.com
customer_03452,Customer-03452,customer3452@example.com
customer_03453,Customer-03453,customer3453@example.com
customer_03454,Customer-03454,customer3454@example.com
customer_03455,Customer-03455,customer3455@example.com
customer_03456,Customer-03456,customer3456@example.com
customer_03457,Customer-03457,customer3457@example.com
customer_03458,Customer-03458,customer3458@example.com
customer_03459,Customer-03459,customer3459@example.com
customer_03460,Customer-03460,customer3460@example.com
customer_03461,Customer-03461,customer3461@example.com
customer_03462,Customer-03462,customer3462@example.com
customer_03463,Customer-03463,customer3463@example.com
customer_03464,Customer-03464,customer3464@example.com
customer_03465,Customer-03465,customer3465@example.com
customer_03466,Customer-03466,customer3466@example.com
customer_03467,Customer-03467,customer3467@example.com
customer_03468,Customer-03468,customer3468@example.com
customer_03469,Customer-03469,customer3469@example.com
customer_03470,Customer-03470,customer3470@example.com
customer_03471,Customer-03471,customer3471@example.com
customer_03472,Customer-03472,customer3472@example.com
customer_03473,Customer-03473,customer3473@example.com
customer_03474,Customer-03474,customer3474@example.com
customer_03475,Customer-03475,customer3475@example.com
customer_03476,Customer-03476,customer3476@example.com
customer_03477,Customer-03477,customer3477@example.com
customer_03478,Customer-03478,customer3478@example.com
customer_03479,Customer-03479,customer3479@example.com
customer_03480,Customer-03480,customer3480@example.com
customer_03481,Customer-03481,customer3481@example.com
customer_03482,Customer-03482,customer3482@example.com
customer_03483,Customer-03483,customer3483@example.com
customer_03484,Customer-03484,customer3484@example.com
customer_03485,Customer-03485,customer3485@example.com
customer_03486,Customer-03486,customer3486@example.com
customer_03487,Customer-03487,customer3487@example.com
customer_03488,Customer-03488,customer3488@example.com
customer_03489,Customer-03489,customer3489@example.com
customer_03490,Customer-03490,customer3490@example.com
customer_03491,Customer-03491,customer3491@example.com
customer_03492,Customer-03492,customer3492@example.com
customer_03493,Customer-03493,customer3493@example.com
customer_03494,Customer-03494,customer3494@example.com
customer_03495,Customer-03495,customer3495@example.com
customer_03496,Customer-03496,customer3496@example.com
customer_03497,Customer-03497,customer3497@example.com
customer_03498,Customer-03498,customer3498@example.com
customer_03499,Customer-03499,customer3499@example.com
customer_03500,Customer-03500,customer3500@example.com
customer_03501,Customer-03501,customer3501@example.com
customer_03502,Customer-03502,customer3502@example.com
customer_03503,Customer-03503,customer3503@example.com
customer_03504,Customer-03504,customer3504@example.com
customer_03505,Customer-03505,customer3505@example.com
customer_03506,Customer-03506,customer3506@example.com
customer_03507,Customer-03507,customer3507@example.com
customer_03508,Customer-03508,customer3508@example.com
customer_03509,Customer-03509,customer3509@example.com
customer_03510,Customer-03510,customer3510@example.com
customer_03511,Customer-03511,customer3511@example.com
customer_03512,Customer-03512,customer3512@example.com
customer_03513,Customer-03513,customer3513@example.com
customer_03514,Customer-03514,customer3514@example.com
customer_03515,Customer-03515,customer3515@example.com
customer_03516,Customer-03516,customer3516@example.com
customer_03517,Customer-03517,customer3517@example.com
customer_03518,Customer-03518,customer3518@example.com
customer_03519,Customer-03519,customer3519@example.com
customer_03520,Customer-03520,customer3520@example.com
customer_03521,Customer-03521,customer3521@example.com
customer_03522,Customer-03522,customer3522@example.com
customer_03523,Customer-03523,customer3523@example.com
customer_03524,Customer-03524,customer3524@example.com
customer_03525,Customer-03525,customer3525@example.com
customer_03526,Customer-03526,customer3526@example.com
customer_03527,Customer-03527,customer3527@example.com
customer_03528,Customer-03528,customer3528@example.com
customer_03529,Customer-03529,customer3529@example.com
customer_03530,Customer-03530,customer3530@example.com
customer_03531,Customer-03531,customer3531@example.com
customer_03532,Customer-03532,customer3532@example.com
customer_03533,Customer-03533,customer3533@example.com
customer_03534,Customer-03534,customer3534@example.com
customer_03535,Customer-03535,customer3535@example.com
customer_03536,Customer-03536,customer3536@example.com
customer_03537,Customer-03537,customer3537@example.com
customer_03538,Customer-03538,customer3538@example.com
customer_03539,Customer-03539,customer3539@example.com
customer_03540,Customer-03540,customer3540@example.com
customer_03541,Customer-03541,customer3541@example.com
customer_03542,Customer-03542,customer3542@example.com
customer_03543,Customer-03543,customer3543@example.com
customer_03544,Customer-03544,customer3544@example.com
customer_03545,Customer-03545,customer3545@example.com
customer_03546,Customer-03546,customer3546@example.com
customer_03547,Customer-03547,customer3547@example.com
customer_03548,Customer-03548,customer3548@example.com
customer_03549,Customer-03549,customer3549@example.com
customer_03550,Customer-03550,customer3550@example.com
customer_03551,Customer-03551,customer3551@example.com
customer_03552,Customer-03552,customer3552@example.com
customer_03553,Customer-03553,customer3553@example.com
customer_03554,Customer-03554,customer3554@example.com
customer_03555,Customer-03555,customer3555@example.com
customer_03556,Customer-03556,customer3556@example.com
customer_03557,Customer-03557,customer3557@example.com
customer_03558,Customer-03558,customer3558@example.com
customer_03559,Customer-03559,customer3559@example.com
customer_03560,Customer-03560,customer3560@example.com
customer_03561,Customer-03561,customer3561@example.com
customer_03562,Customer-03562,customer3562@example.com
customer_03563,Customer-03563,customer3563@example.com
customer_03564,Customer-03564,customer3564@example.com
customer_03565,Customer-03565,customer3565@example.com
customer_03566,Customer-03566,customer3566@example.com
customer_03567,Customer-03567,customer3567@example.com
customer_03568,Customer-03568,customer3568@example.com
customer_03569,Customer-03569,customer3569@example.com
customer_03570,Customer-03570,customer3570@example.com
customer_03571,Customer-03571,customer3571@example.com
customer_03572,Customer-03572,customer3572@example.com
customer_03573,Customer-03573,customer3573@example.com
customer_03574,Customer-03574,customer3574@example.com
customer_03575,Customer-03575,customer3575@example.com
customer_03576,Customer-03576,customer3576@example.com
customer_03577,Customer-03577,customer3577@example.com
customer_03578,Customer-03578,customer3578@example.com
customer_03579,Customer-03579,customer3579@example.com
customer_03580,Customer-03580,customer3580@example.com
customer_03581,Customer-03581,customer3581@example.com
customer_03582,Customer-03582,customer3582@example.com
customer_03583,Customer-03583,customer3583@example.com
customer_03584,Customer-03584,customer3584@example.com
customer_03585,Customer-03585,customer3585@example.com
customer_03586,Customer-03586,customer3586@example.com
customer_03587,Customer-03587,customer3587@example.com
customer_03588,Customer-03588,customer3588@example.com
customer_03589,Customer-03589,customer3589@example.com
customer_03590,Customer-03590,customer3590@example.com
customer_03591,Customer-03591,customer3591@example.com
customer_03592,Customer-03592,customer3592@example.com
customer_03593,Customer-03593,customer3593@example.com
customer_03594,Customer-03594,customer3594@example.com
customer_03595,Customer-03595,customer3595@example.com
customer_03596,Customer-03596,customer3596@example.com
customer_03597,Customer-03597,customer3597@example.com
customer_03598,Customer-03598,customer3598@example.com
customer_03599,Customer-03599,customer3599@example.com
customer_03600,Customer-03600,customer3600@example.com
customer_03601,Customer-03601,customer3601@example.com
customer_03602,Customer-03602,customer3602@example.com
customer_03603,Customer-03603,customer3603@example.com
customer_03604,Customer-03604,customer3604@example.com
customer_03605,Customer-03605,customer3605@example.com
customer_03606,Customer-03606,customer3606@example.com
customer_03607,Customer-03607,customer3607@example.com
customer_03608,Customer-03608,customer3608@example.com
customer_03609,Customer-03609,customer3609@example.com
customer_03610,Customer-03610,customer3610@example.com
customer_03611,Customer-03611,customer3611@example.com
customer_03612,Customer-03612,customer3612@example.com
customer_03613,Customer-03613,customer3613@example.com
customer_03614,Customer-03614,customer3614@example.com
customer_03615,Customer-03615,customer3615@example.com
customer_03616,Customer-03616,customer3616@example.com
customer_03617,Customer-03617,customer3617@example.com
customer_03618,Customer-03618,customer3618@example.com
customer_03619,Customer-03619,customer3619@example.com
customer_03620,Customer-03620,customer3620@example.com
customer_03621,Customer-03621,customer3621@example.com
customer_03622,Customer-03622,customer3622@example.com
customer_03623,Customer-03623,customer3623@example.com
customer_03624,Customer-03624,customer3624@example.com
customer_03625,Customer-03625,customer3625@example.com
customer_03626,Customer-03626,customer3626@example.com
customer_03627,Customer-03627,customer3627@example.com
customer_03628,Customer-03628,customer3628@example.com
customer_03629,Customer-03629,customer3629@example.com
customer_03630,Customer-03630,customer3630@example.com
customer_03631,Customer-03631,customer3631@example.com
customer_03632,Customer-03632,customer3632@example.com
customer_03633,Customer-03633,customer3633@example.com
customer_03634,Customer-03634,customer3634@example.com
customer_03635,Customer-03635,customer3635@example.com
customer_03636,Customer-03636,customer3636@example.com
customer_03637,Customer-03637,customer3637@example.com
customer_03638,Customer-03638,customer3638@example.com
customer_03639,Customer-03639,customer3639@example.com
customer_03640,Customer-03640,customer3640@example.com
customer_03641,Customer-03641,customer3641@example.com
customer_03642,Customer-03642,customer3642@example.com
customer_03643,Customer-03643,customer3643@example.com
customer_03644,Customer-03644,customer3644@example.com
customer_03645,Customer-03645,customer3645@example.com
customer_03646,Customer-03646,customer3646@example.com
customer_03647,Customer-03647,customer3647@example.com
customer_03648,Customer-03648,customer3648@example.com
customer_03649,Customer-03649,customer3649@example.com
customer_03650,Customer-03650,customer3650@example.com
customer_03651,Customer-03651,customer3651@example.com
customer_03652,Customer-03652,customer3652@example.com
customer_03653,Customer-03653,customer3653@example.com
customer_03654,Customer-03654,customer3654@example.com
customer_03655,Customer-03655,customer3655@example.com
customer_03656,Customer-03656,customer3656@example.com
customer_03657,Customer-03657,customer3657@example.com
customer_03658,Customer-03658,customer3658@example.com
customer_03659,Customer-03659,customer3659@example.com
customer_03660,Customer-03660,customer3660@example.com
customer_03661,Customer-03661,customer3661@example.com
customer_03662,Customer-03662,customer3662@example.com
customer_03663,Customer-03663,customer3663@example.com
customer_03664,Customer-03664,customer3664@example.com
customer_03665,Customer-03665,customer3665@example.com
customer_03666,Customer-03666,customer3666@example.com
customer_03667,Customer-03667,customer3667@example.com
customer_03668,Customer-03668,customer3668@example.com
customer_03669,Customer-03669,customer3669@example.com
customer_03670,Customer-03670,customer3670@example.com
customer_03671,Customer-03671,customer3671@example.com
customer_03672,Customer-03672,customer3672@example.com
customer_03673,Customer-03673,customer3673@example.com
customer_03674,Customer-03674,customer3674@example.com
customer_03675,Customer-03675,customer3675@example.com
customer_03676,Customer-03676,customer3676@example.com
customer_03677,Customer-03677,customer3677@example.com
customer_03678,Customer-03678,customer3678@example.com
customer_03679,Customer-03679,customer3679@example.com
customer_03680,Customer-03680,customer3680@example.com
customer_03681,Customer-03681,customer3681@example.com
customer_03682,Customer-03682,customer3682@example.com
customer_03683,Customer-03683,customer3683@example.com
customer_03684,Customer-03684,customer3684@example.com
customer_03685,Customer-03685,customer3685@example.com
customer_03686,Customer-03686,customer3686@example.com
customer_03687,Customer-03687,customer3687@example.com
customer_03688,Customer-03688,customer3688@example.com
customer_03689,Customer-03689,customer3689@example.com
customer_03690,Customer-03690,customer3690@example.com
customer_03691,Customer-03691,customer3691@example.com
customer_03692,Customer-03692,customer3692@example.com
customer_03693,Customer-03693,customer3693@example.com
customer_03694,Customer-03694,customer3694@example.com
customer_03695,Customer-03695,customer3695@example.com
customer_03696,Customer-03696,customer3696@example.com
customer_03697,Customer-03697,customer3697@example.com
customer_03698,Customer-03698,customer3698@example.com
customer_03699,Customer-03699,customer3699@example.com
customer_03700,Customer-03700,customer3700@example.com
customer_03701,Customer-03701,customer3701@example.com
customer_03702,Customer-03702,customer3702@example.com
customer_03703,Customer-03703,customer3703@example.com
customer_03704,Customer-03704,customer3704@example.com
customer_03705,Customer-03705,customer3705@example.com
customer_03706,Customer-03706,customer3706@example.com
customer_03707,Customer-03707,customer3707@example.com
customer_03708,Customer-03708,customer3708@example.com
customer_03709,Customer-03709,customer3709@example.com
customer_03710,Customer-03710,customer3710@example.com
customer_03711,Customer-03711,customer3711@example.com
customer_03712,Customer-03712,customer3712@example.com
customer_03713,Customer-03713,customer3713@example.com
customer_03714,Customer-03714,customer3714@example.com
customer_03715,Customer-03715,customer3715@example.com
customer_03716,Customer-03716,customer3716@example.com
customer_03717,Customer-03717,customer3717@example.com
customer_03718,Customer-03718,customer3718@example.com
customer_03719,Customer-03719,customer3719@example.com
customer_03720,Customer-03720,customer3720@example.com
customer_03721,Customer-03721,customer3721@example.com
customer_03722,Customer-03722,customer3722@example.com
customer_03723,Customer-03723,customer3723@example.com
customer_03724,Customer-03724,customer3724@example.com
customer_03725,Customer-03725,customer3725@example.com
customer_03726,Customer-03726,customer3726@example.com
customer_03727,Customer-03727,customer3727@example.com
customer_03728,Customer-03728,customer3728@example.com
customer_03729,Customer-03729,customer3729@example.com
customer_03730,Customer-03730,customer3730@example.com
customer_03731,Customer-03731,customer3731@example.com
customer_03732,Customer-03732,customer3732@example.com
customer_03733,Customer-03733,customer3733@example.com
customer_03734,Customer-03734,customer3734@example.com
customer_03735,Customer-03735,customer3735@example.com
customer_03736,Customer-03736,customer3736@example.com
customer_03737,Customer-03737,customer3737@example.com
customer_03738,Customer-03738,customer3738@example.com
customer_03739,Customer-03739,customer3739@example.com
customer_03740,Customer-03740,customer3740@example.com
customer_03741,Customer-03741,customer3741@example.com
customer_03742,Customer-03742,customer3742@example.com
customer_03743,Customer-03743,customer3743@example.com
customer_03744,Customer-03744,customer3744@example.com
customer_03745,Customer-03745,customer3745@example.com
customer_03746,Customer-03746,customer3746@example.com
customer_03747,Customer-03747,customer3747@example.com
customer_03748,Customer-03748,customer3748@example.com
customer_03749,Customer-03749,customer3749@example.com
customer_03750,Customer-03750,customer3750@example.com
customer_03751,Customer-03751,customer3751@example.com
customer_03752,Customer-03752,customer3752@example.com
customer_03753,Customer-03753,customer3753@example.com
customer_03754,Customer-03754,customer3754@example.com
customer_03755,Customer-03755,customer3755@example.com
customer_03756,Customer-03756,customer3756@example.com
customer_03757,Customer-03757,customer3757@example.com
customer_03758,Customer-03758,customer3758@example.com
customer_03759,Customer-03759,customer3759@example.com
customer_03760,Customer-03760,customer3760@example.com
customer_03761,Customer-03761,customer3761@example.com
customer_03762,Customer-03762,customer3762@example.com
customer_03763,Customer-03763,customer3763@example.com
customer_03764,Customer-03764,customer3764@example.com
customer_03765,Customer-03765,customer3765@example.com
customer_03766,Customer-03766,customer3766@example.com
customer_03767,Customer-03767,customer3767@example.com
customer_03768,Customer-03768,customer3768@example.com
customer_03769,Customer-03769,customer3769@example.com
customer_03770,Customer-03770,customer3770@example.com
customer_03771,Customer-03771,customer3771@example.com
customer_03772,Customer-03772,customer3772@example.com
customer_03773,Customer-03773,customer3773@example.com
customer_03774,Customer-03774,customer3774@example.com
customer_03775,Customer-03775,customer3775@example.com
customer_03776,Customer-03776,customer3776@example.com
customer_03777,Customer-03777,customer3777@example.com
customer_03778,Customer-03778,customer3778@example.com
customer_03779,Customer-03779,customer3779@example.com
customer_03780,Customer-03780,customer3780@example.com
customer_03781,Customer-03781,customer3781@example.com
customer_03782,Customer-03782,customer3782@example.com
customer_03783,Customer-03783,customer3783@example.com
customer_03784,Customer-03784,customer3784@example.com
customer_03785,Customer-03785,customer3785@example.com
customer_03786,Customer-03786,customer3786@example.com
customer_03787,Customer-03787,customer3787@example.com
customer_03788,Customer-03788,customer3788@example.com
customer_03789,Customer-03789,customer3789@example.com
customer_03790,Customer-03790,customer3790@example.com
customer_03791,Customer-03791,customer3791@example.com
customer_03792,Customer-03792,customer3792@example.com
customer_03793,Customer-03793,customer3793@example.com
customer_03794,Customer-03794,customer3794@example.com
customer_03795,Customer-03795,customer3795@example.com
customer_03796,Customer-03796,customer3796@example.com
customer_03797,Customer-03797,customer3797@example.com
customer_03798,Customer-03798,customer3798@example.com
customer_03799,Customer-03799,customer3799@example.com
customer_03800,Customer-03800,customer3800@example.com
customer_03801,Customer-03801,customer3801@example.com
customer_03802,Customer-03802,customer3802@example.com
customer_03803,Customer-03803,customer3803@example.com
customer_03804,Customer-03804,customer3804@example.com
customer_03805,Customer-03805,customer3805@example.com
customer_03806,Customer-03806,customer3806@example.com
customer_03807,Customer-03807,customer3807@example.com
customer_03808,Customer-03808,customer3808@example.com
customer_03809,Customer-03809,customer3809@example.com
customer_03810,Customer-03810,customer3810@example.com
customer_03811,Customer-03811,customer3811@example.com
customer_03812,Customer-03812,customer3812@example.com
customer_03813,Customer-03813,customer3813@example.com
customer_03814,Customer-03814,customer3814@example.com
customer_03815,Customer-03815,customer3815@example.com
customer_03816,Customer-03816,customer3816@example.com
customer_03817,Customer-03817,customer3817@example.com
customer_03818,Customer-03818,customer3818@example.com
customer_03819,Customer-03819,customer3819@example.com
customer_03820,Customer-03820,customer3820@example.com
customer_03821,Customer-03821,customer3821@example.com
customer_03822,Customer-03822,customer3822@example.com
customer_03823,Customer-03823,customer3823@example.com
customer_03824,Customer-03824,customer3824@example.com
customer_03825,Customer-03825,customer3825@example.com
customer_03826,Customer-03826,customer3826@example.com
customer_03827,Customer-03827,customer3827@example.com
customer_03828,Customer-03828,customer3828@example.com
customer_03829,Customer-03829,customer3829@example.com
customer_03830,Customer-03830,customer3830@example.com
customer_03831,Customer-03831,customer3831@example.com
customer_03832,Customer-03832,customer3832@example.com
customer_03833,Customer-03833,customer3833@example.com
customer_03834,Customer-03834,customer3834@example.com
customer_03835,Customer-03835,customer3835@example.com
customer_03836,Customer-03836,customer3836@example.com
customer_03837,Customer-03837,customer3837@example.com
customer_03838,Customer-03838,customer3838@example.com
customer_03839,Customer-03839,customer3839@example.com
customer_03840,Customer-03840,customer3840@example.com
customer_03841,Customer-03841,customer3841@example.com
customer_03842,Customer-03842,customer3842@example.com
customer_03843,Customer-03843,customer3843@example.com
customer_03844,Customer-03844,customer3844@example.com
customer_03845,Customer-03845,customer3845@example.com
customer_03846,Customer-03846,customer3846@example.com
customer_03847,Customer-03847,customer3847@example.com
customer_03848,Customer-03848,customer3848@example.com
customer_03849,Customer-03849,customer3849@example.com
customer_03850,Customer-03850,customer3850@example.com
customer_03851,Customer-03851,customer3851@example.com
customer_03852,Customer-03852,customer3852@example.com
customer_03853,Customer-03853,customer3853@example.com
customer_03854,Customer-03854,customer3854@example.com
customer_03855,Customer-03855,customer3855@example.com
customer_03856,Customer-03856,customer3856@example.com
customer_03857,Customer-03857,customer3857@example.com
customer_03858,Customer-03858,customer3858@example.com
customer_03859,Customer-03859,customer3859@example.com
customer_03860,Customer-03860,customer3860@example.com
customer_03861,Customer-03861,customer3861@example.com
customer_03862,Customer-03862,customer3862@example.com
customer_03863,Customer-03863,customer3863@example.com
customer_03864,Customer-03864,customer3864@example.com
customer_03865,Customer-03865,customer3865@example.com
customer_03866,Customer-03866,customer3866@example.com
customer_03867,Customer-03867,customer3867@example.com
customer_03868,Customer-03868,customer3868@example.com
customer_03869,Customer-03869,customer3869@example.com
customer_03870,Customer-03870,customer3870@example.com
customer_03871,Customer-03871,customer3871@example.com
customer_03872,Customer-03872,customer3872@example.com
customer_03873,Customer-03873,customer3873@example.com
customer_03874,Customer-03874,customer3874@example.com
customer_03875,Customer-03875,customer3875@example.com
customer_03876,Customer-03876,customer3876@example.com
customer_03877,Customer-03877,customer3877@example.com
customer_03878,Customer-03878,customer3878@example.com
customer_03879,Customer-03879,customer3879@example.com
customer_03880,Customer-03880,customer3880@example.com
customer_03881,Customer-03881,customer3881@example.com
customer_03882,Customer-03882,customer3882@example.com
customer_03883,Customer-03883,customer3883@example.com
customer_03884,Customer-03884,customer3884@example.com
customer_03885,Customer-03885,customer3885@example.com
customer_03886,Customer-03886,customer3886@example.com
customer_03887,Customer-03887,customer3887@example.com
customer_03888,Customer-03888,customer3888@example.com
customer_03889,Customer-03889,customer3889@example.com
customer_03890,Customer-03890,customer3890@example.com
customer_03891,Customer-03891,customer3891@example.com
customer_03892,Customer-03892,customer3892@example.com
customer_03893,Customer-03893,customer3893@example.com
customer_03894,Customer-03894,customer3894@example.com
customer_03895,Customer-03895,customer3895@example.com
customer_03896,Customer-03896,customer3896@example.com
customer_03897,Customer-03897,customer3897@example.com
customer_03898,Customer-03898,customer3898@example.com
customer_03899,Customer-03899,customer3899@example.com
customer_03900,Customer-03900,customer3900@example.com
customer_03901,Customer-03901,customer3901@example.com
customer_03902,Customer-03902,customer3902@example.com
customer_03903,Customer-03903,customer3903@example.com
customer_03904,Customer-03904,customer3904@example.com
customer_03905,Customer-03905,customer3905@example.com
customer_03906,Customer-03906,customer3906@example.com
customer_03907,Customer-03907,customer3907@example.com
customer_03908,Customer-03908,customer3908@example.com
customer_03909,Customer-03909,customer3909@example.com
customer_03910,Customer-03910,customer3910@example.com
customer_03911,Customer-03911,customer3911@example.com
customer_03912,Customer-03912,customer3912@example.com
customer_03913,Customer-03913,customer3913@example.com
customer_03914,Customer-03914,customer3914@example.com
customer_03915,Customer-03915,customer3915@example.com
customer_03916,Customer-03916,customer3916@example.com
customer_03917,Customer-03917,customer3917@example.com
customer_03918,Customer-03918,customer3918@example.com
customer_03919,Customer-03919,customer3919@example.com
customer_03920,Customer-03920,customer3920@example.com
customer_03921,Customer-03921,customer3921@example.com
customer_03922,Customer-03922,customer3922@example.com
customer_03923,Customer-03923,customer3923@example.com
customer_03924,Customer-03924,customer3924@example.com
customer_03925,Customer-03925,customer3925@example.com
customer_03926,Customer-03926,customer3926@example.com
customer_03927,Customer-03927,customer3927@example.com
customer_03928,Customer-03928,customer3928@example.com
customer_03929,Customer-03929,customer3929@example.com
customer_03930,Customer-03930,customer3930@example.com
customer_03931,Customer-03931,customer3931@example.com
customer_03932,Customer-03932,customer3932@example.com
customer_03933,Customer-03933,customer3933@example.com
customer_03934,Customer-03934,customer3934@example.com
customer_03935,Customer-03935,customer3935@example.com
customer_03936,Customer-03936,customer3936@example.com
customer_03937,Customer-03937,customer3937@example.com
customer_03938,Customer-03938,customer3938@example.com
customer_03939,Customer-03939,customer3939@example.com
customer_03940,Customer-03940,customer3940@example.com
customer_03941,Customer-03941,customer3941@example.com
customer_03942,Customer-03942,customer3942@example.com
customer_03943,Customer-03943,customer3943@example.com
customer_03944,Customer-03944,customer3944@example.com
customer_03945,Customer-03945,customer3945@example.com
customer_03946,Customer-03946,customer3946@example.com
customer_03947,Customer-03947,customer3947@example.com
customer_03948,Customer-03948,customer3948@example.com
customer_03949,Customer-03949,customer3949@example.com
customer_03950,Customer-03950,customer3950@example.com
customer_03951,Customer-03951,customer3951@example.com
customer_03952,Customer-03952,customer3952@example.com
customer_03953,Customer-03953,customer3953@example.com
customer_03954,Customer-03954,customer3954@example.com
customer_03955,Customer-03955,customer3955@example.com
customer_03956,Customer-03956,customer3956@example.com
customer_03957,Customer-03957,customer3957@example.com
customer_03958,Customer-03958,customer3958@example.com
customer_03959,Customer-03959,customer3959@example.com
customer_03960,Customer-03960,customer3960@example.com
customer_03961,Customer-03961,customer3961@example.com
customer_03962,Customer-03962,customer3962@example.com
customer_03963,Customer-03963,customer3963@example.com
customer_03964,Customer-03964,customer3964@example.com
customer_03965,Customer-03965,customer3965@example.com
customer_03966,Customer-03966,customer3966@example.com
customer_03967,Customer-03967,customer3967@example.com
customer_03968,Customer-03968,customer3968@example.com
customer_03969,Customer-03969,customer3969@example.com
customer_03970,Customer-03970,customer3970@example.com
customer_03971,Customer-03971,customer3971@example.com
customer_03972,Customer-03972,customer3972@example.com
customer_03973,Customer-03973,customer3973@example.com
customer_03974,Customer-03974,customer3974@example.com
customer_03975,Customer-03975,customer3975@example.com
customer_03976,Customer-03976,customer3976@example.com
customer_03977,Customer-03977,customer3977@example.com
customer_03978,Customer-03978,customer3978@example.com
customer_03979,Customer-03979,customer3979@example.com
customer_03980,Customer-03980,customer3980@example.com
customer_03981,Customer-03981,customer3981@example.com
customer_03982,Customer-03982,customer3982@example.com
customer_03983,Customer-03983,customer3983@example.com
customer_03984,Customer-03984,customer3984@example.com
customer_03985,Customer-03985,customer3985@example.com
customer_03986,Customer-03986,customer3986@example.com
customer_03987,Customer-03987,customer3987@example.com
customer_03988,Customer-03988,customer3988@example.com
customer_03989,Customer-03989,customer3989@example.com
customer_03990,Customer-03990,customer3990@example.com
customer_03991,Customer-03991,customer3991@example.com
customer_03992,Customer-03992,customer3992@example.com
customer_03993,Customer-03993,customer3993@example.com
customer_03994,Customer-03994,customer3994@example.com
customer_03995,Customer-03995,customer3995@example.com
customer_03996,Customer-03996,customer3996@example.com
customer_03997,Customer-03997,customer3997@example.com
customer_03998,Customer-03998,customer3998@example.com
customer_03999,Customer-03999,customer3999@example.com
customer_04000,Customer-04000,customer4000@example.com
customer_04001,Customer-04001,customer4001@example.com
customer_04002,Customer-04002,customer4002@example.com
customer_04003,Customer-04003,customer4003@example.com
customer_04004,Customer-04004,customer4004@example.com
customer_04005,Customer-04005,customer4005@example.com
customer_04006,Customer-04006,customer4006@example.com
customer_04007,Customer-04007,customer4007@example.com
customer_04008,Customer-04008,customer4008@example.com
customer_04009,Customer-04009,customer4009@example.com
customer_04010,Customer-04010,customer4010@example.com
customer_04011,Customer-04011,customer4011@example.com
customer_04012,Customer-04012,customer4012@example.com
customer_04013,Customer-04013,customer4013@example.com
customer_04014,Customer-04014,customer4014@example.com
customer_04015,Customer-04015,customer4015@example.com
customer_04016,Customer-04016,customer4016@example.com
customer_04017,Customer-04017,customer4017@example.com
customer_04018,Customer-04018,customer4018@example.com
customer_04019,Customer-04019,customer4019@example.com
customer_04020,Customer-04020,customer4020@example.com
customer_04021,Customer-04021,customer4021@example.com
customer_04022,Customer-04022,customer4022@example.com
customer_04023,Customer-04023,customer4023@example.com
customer_04024,Customer-04024,customer4024@example.com
customer_04025,Customer-04025,customer4025@example.com
customer_04026,Customer-04026,customer4026@example.com
customer_04027,Customer-04027,customer4027@example.com
customer_04028,Customer-04028,customer4028@example.com
customer_04029,Customer-04029,customer4029@example.com
customer_04030,Customer-04030,customer4030@example.com
customer_04031,Customer-04031,customer4031@example.com
customer_04032,Customer-04032,customer4032@example.com
customer_04033,Customer-04033,customer4033@example.com
customer_04034,Customer-04034,customer4034@example.com
customer_04035,Customer-04035,customer4035@example.com
customer_04036,Customer-04036,customer4036@example.com
customer_04037,Customer-04037,customer4037@example.com
customer_04038,Customer-04038,customer4038@example.com
customer_04039,Customer-04039,customer4039@example.com
customer_04040,Customer-04040,customer4040@example.com
customer_04041,Customer-04041,customer4041@example.com
customer_04042,Customer-04042,customer4042@example.com
customer_04043,Customer-04043,customer4043@example.com
customer_04044,Customer-04044,customer4044@example.com
customer_04045,Customer-04045,customer4045@example.com
customer_04046,Customer-04046,customer4046@example.com
customer_04047,Customer-04047,customer4047@example.com
customer_04048,Customer-04048,customer4048@example.com
customer_04049,Customer-04049,customer4049@example.com
customer_04050,Customer-04050,customer4050@example.com
customer_04051,Customer-04051,customer4051@example.com
customer_04052,Customer-04052,customer4052@example.com
customer_04053,Customer-04053,customer4053@example.com
customer_04054,Customer-04054,customer4054@example.com
customer_04055,Customer-04055,customer4055@example.com
customer_04056,Customer-04056,customer4056@example.com
customer_04057,Customer-04057,customer4057@example.com
customer_04058,Customer-04058,customer4058@example.com
customer_04059,Customer-04059,customer4059@example.com
customer_04060,Customer-04060,customer4060@example.com
customer_04061,Customer-04061,customer4061@example.com
customer_04062,Customer-04062,customer4062@example.com
customer_04063,Customer-04063,customer4063@example.com
customer_04064,Customer-04064,customer4064@example.com
customer_04065,Customer-04065,customer4065@example.com
customer_04066,Customer-04066,customer4066@example.com
customer_04067,Customer-04067,customer4067@example.com
customer_04068,Customer-04068,customer4068@example.com
customer_04069,Customer-04069,customer4069@example.com
customer_04070,Customer-04070,customer4070@example.com
customer_04071,Customer-04071,customer4071@example.com
customer_04072,Customer-04072,customer4072@example.com
customer_04073,Customer-04073,customer4073@example.com
customer_04074,Customer-04074,customer4074@example.com
customer_04075,Customer-04075,customer4075@example.com
customer_04076,Customer-04076,customer4076@example.com
customer_04077,Customer-04077,customer4077@example.com
customer_04078,Customer-04078,customer4078@example.com
customer_04079,Customer-04079,customer4079@example.com
customer_04080,Customer-04080,customer4080@example.com
customer_04081,Customer-04081,customer4081@example.com
customer_04082,Customer-04082,customer4082@example.com
customer_04083,Customer-04083,customer4083@example.com
customer_04084,Customer-04084,customer4084@example.com
customer_04085,Customer-04085,customer4085@example.com
customer_04086,Customer-04086,customer4086@example.com
customer_04087,Customer-04087,customer4087@example.com
customer_04088,Customer-04088,customer4088@example.com
customer_04089,Customer-04089,customer4089@example.com
customer_04090,Customer-04090,customer4090@example.com
customer_04091,Customer-04091,customer4091@example.com
customer_04092,Customer-04092,customer4092@example.com
customer_04093,Customer-04093,customer4093@example.com
customer_04094,Customer-04094,customer4094@example.com
customer_04095,Customer-04095,customer4095@example.com
customer_04096,Customer-04096,customer4096@example.com
customer_04097,Customer-04097,customer4097@example.com
customer_04098,Customer-04098,customer4098@example.com
customer_04099,Customer-04099,customer4099@example.com
customer_04100,Customer-04100,customer4100@example.com
customer_04101,Customer-04101,customer4101@example.com
customer_04102,Customer-04102,customer4102@example.com
customer_04103,Customer-04103,customer4103@example.com
customer_04104,Customer-04104,customer4104@example.com
customer_04105,Customer-04105,customer4105@example.com
customer_04106,Customer-04106,customer4106@example.com
customer_04107,Customer-04107,customer4107@example.com
customer_04108,Customer-04108,customer4108@example.com
customer_04109,Customer-04109,customer4109@example.com
customer_04110,Customer-04110,customer4110@example.com
customer_04111,Customer-04111,customer4111@example.com
customer_04112,Customer-04112,customer4112@example.com
customer_04113,Customer-04113,customer4113@example.com
customer_04114,Customer-04114,customer4114@example.com
customer_04115,Customer-04115,customer4115@example.com
customer_04116,Customer-04116,customer4116@example.com
customer_04117,Customer-04117,customer4117@example.com
customer_04118,Customer-04118,customer4118@example.com
customer_04119,Customer-04119,customer4119@example.com
customer_04120,Customer-04120,customer4120@example.com
customer_04121,Customer-04121,customer4121@example.com
customer_04122,Customer-04122,customer4122@example.com
customer_04123,Customer-04123,customer4123@example.com
customer_04124,Customer-04124,customer4124@example.com
customer_04125,Customer-04125,customer4125@example.com
customer_04126,Customer-04126,customer4126@example.com
customer_04127,Customer-04127,customer4127@example.com
customer_04128,Customer-04128,customer4128@example.com
customer_04129,Customer-04129,customer4129@example.com
customer_04130,Customer-04130,customer4130@example.com
customer_04131,Customer-04131,customer4131@example.com
customer_04132,Customer-04132,customer4132@example.com
customer_04133,Customer-04133,customer4133@example.com
customer_04134,Customer-04134,customer4134@example.com
customer_04135,Customer-04135,customer4135@example.com
customer_04136,Customer-04136,customer4136@example.com
customer_04137,Customer-04137,customer4137@example.com
customer_04138,Customer-04138,customer4138@example.com
customer_04139,Customer-04139,customer4139@example.com
customer_04140,Customer-04140,customer4140@example.com
customer_04141,Customer-04141,customer4141@example.com
customer_04142,Customer-04142,customer4142@example.com
customer_04143,Customer-04143,customer4143@example.com
customer_04144,Customer-04144,customer4144@example.com
customer_04145,Customer-04145,customer4145@example.com
customer_04146,Customer-04146,customer4146@example.com
customer_04147,Customer-04147,customer4147@example.com
customer_04148,Customer-04148,customer4148@example.com
customer_04149,Customer-04149,customer4149@example.com
customer_04150,Customer-04150,customer4150@example.com
customer_04151,Customer-04151,customer4151@example.com
customer_04152,Customer-04152,customer4152@example.com
customer_04153,Customer-04153,customer4153@example.com
customer_04154,Customer-04154,customer4154@example.com
customer_04155,Customer-04155,customer4155@example.com
customer_04156,Customer-04156,customer4156@example.com
customer_04157,Customer-04157,customer4157@example.com
customer_04158,Customer-04158,customer4158@example.com
customer_04159,Customer-04159,customer4159@example.com
customer_04160,Customer-04160,customer4160@example.com
customer_04161,Customer-04161,customer4161@example.com
customer_04162,Customer-04162,customer4162@example.com
customer_04163,Customer-04163,customer4163@example.com
customer_04164,Customer-04164,customer4164@example.com
customer_04165,Customer-04165,customer4165@example.com
customer_04166,Customer-04166,customer4166@example.com
customer_04167,Customer-04167,customer4167@example.com
customer_04168,Customer-04168,customer4168@example.com
customer_04169,Customer-04169,customer4169@example.com
customer_04170,Customer-04170,customer4170@example.com
customer_04171,Customer-04171,customer4171@example.com
customer_04172,Customer-04172,customer4172@example.com
customer_04173,Customer-04173,customer4173@example.com
customer_04174,Customer-04174,customer4174@example.com
customer_04175,Customer-04175,customer4175@example.com
customer_04176,Customer-04176,customer4176@example.com
customer_04177,Customer-04177,customer4177@example.com
customer_04178,Customer-04178,customer4178@example.com
customer_04179,Customer-04179,customer4179@example.com
customer_04180,Customer-04180,customer4180@example.com
customer_04181,Customer-04181,customer4181@example.com
customer_04182,Customer-04182,customer4182@example.com
customer_04183,Customer-04183,customer4183@example.com
customer_04184,Customer-04184,customer4184@example.com
customer_04185,Customer-04185,customer4185@example.com
customer_04186,Customer-04186,customer4186@example.com
customer_04187,Customer-04187,customer4187@example.com
customer_04188,Customer-04188,customer4188@example.com
customer_04189,Customer-04189,customer4189@example.com
customer_04190,Customer-04190,customer4190@example.com
customer_04191,Customer-04191,customer4191@example.com
customer_04192,Customer-04192,customer4192@example.com
customer_04193,Customer-04193,customer4193@example.com
customer_04194,Customer-04194,customer4194@example.com
customer_04195,Customer-04195,customer4195@example.com
customer_04196,Customer-04196,customer4196@example.com
customer_04197,Customer-04197,customer4197@example.com
customer_04198,Customer-04198,customer4198@example.com
customer_04199,Customer-04199,customer4199@example.com
customer_04200,Customer-04200,customer4200@example.com
customer_04201,Customer-04201,customer4201@example.com
customer_04202,Customer-04202,customer4202@example.com
customer_04203,Customer-04203,customer4203@example.com
customer_04204,Customer-04204,customer4204@example.com
customer_04205,Customer-04205,customer4205@example.com
customer_04206,Customer-04206,customer4206@example.com
customer_04207,Customer-04207,customer4207@example.com
customer_04208,Customer-04208,customer4208@example.com
customer_04209,Customer-04209,customer4209@example.com
customer_04210,Customer-04210,customer4210@example.com
customer_04211,Customer-04211,customer4211@example.com
customer_04212,Customer-04212,customer4212@example.com
customer_04213,Customer-04213,customer4213@example.com
customer_04214,Customer-04214,customer4214@example.com
customer_04215,Customer-04215,customer4215@example.com
customer_04216,Customer-04216,customer4216@example.com
customer_04217,Customer-04217,customer4217@example.com
customer_04218,Customer-04218,customer4218@example.com
customer_04219,Customer-04219,customer4219@example.com
customer_04220,Customer-04220,customer4220@example.com
customer_04221,Customer-04221,customer4221@example.com
customer_04222,Customer-04222,customer4222@example.com
customer_04223,Customer-04223,customer4223@example.com
customer_04224,Customer-04224,customer4224@example.com
customer_04225,Customer-04225,customer4225@example.com
customer_04226,Customer-04226,customer4226@example.com
customer_04227,Customer-04227,customer4227@example.com
customer_04228,Customer-04228,customer4228@example.com
customer_04229,Customer-04229,customer4229@example.com
customer_04230,Customer-04230,customer4230@example.com
customer_04231,Customer-04231,customer4231@example.com
customer_04232,Customer-04232,customer4232@example.com
customer_04233,Customer-04233,customer4233@example.com
customer_04234,Customer-04234,customer4234@example.com
customer_04235,Customer-04235,customer4235@example.com
customer_04236,Customer-04236,customer4236@example.com
customer_04237,Customer-04237,customer4237@example.com
customer_04238,Customer-04238,customer4238@example.com
customer_04239,Customer-04239,customer4239@example.com
customer_04240,Customer-04240,customer4240@example.com
customer_04241,Customer-04241,customer4241@example.com
customer_04242,Customer-04242,customer4242@example.com
customer_04243,Customer-04243,customer4243@example.com
customer_04244,Customer-04244,customer4244@example.com
customer_04245,Customer-04245,customer4245@example.com
customer_04246,Customer-04246,customer4246@example.com
customer_04247,Customer-04247,customer4247@example.com
customer_04248,Customer-04248,customer4248@example.com
customer_04249,Customer-04249,customer4249@example.com
customer_04250,Customer-04250,customer4250@example.com
customer_04251,Customer-04251,customer4251@example.com
customer_04252,Customer-04252,customer4252@example.com
customer_04253,Customer-04253,customer4253@example.com
customer_04254,Customer-04254,customer4254@example.com
customer_04255,Customer-04255,customer4255@example.com
customer_04256,Customer-04256,customer4256@example.com
customer_04257,Customer-04257,customer4257@example.com
customer_04258,Customer-04258,customer4258@example.com
customer_04259,Customer-04259,customer4259@example.com
customer_04260,Customer-04260,customer4260@example.com
customer_04261,Customer-04261,customer4261@example.com
customer_04262,Customer-04262,customer4262@example.com
customer_04263,Customer-04263,customer4263@example.com
customer_04264,Customer-04264,customer4264@example.com
customer_04265,Customer-04265,customer4265@example.com
customer_04266,Customer-04266,customer4266@example.com
customer_04267,Customer-04267,customer4267@example.com
customer_04268,Customer-04268,customer4268@example.com
customer_04269,Customer-04269,customer4269@example.com
customer_04270,Customer-04270,customer4270@example.com
customer_04271,Customer-04271,customer4271@example.com
customer_04272,Customer-04272,customer4272@example.com
customer_04273,Customer-04273,customer4273@example.com
customer_04274,Customer-04274,customer4274@example.com
customer_04275,Customer-04275,customer4275@example.com
customer_04276,Customer-04276,customer4276@example.com
customer_04277,Customer-04277,customer4277@example.com
customer_04278,Customer-04278,customer4278@example.com
customer_04279,Customer-04279,customer4279@example.com
customer_04280,Customer-04280,customer4280@example.com
customer_04281,Customer-04281,customer4281@example.com
customer_04282,Customer-04282,customer4282@example.com
customer_04283,Customer-04283,customer4283@example.com
customer_04284,Customer-04284,customer4284@example.com
customer_04285,Customer-04285,customer4285@example.com
customer_04286,Customer-04286,customer4286@example.com
customer_04287,Customer-04287,customer4287@example.com
customer_04288,Customer-04288,customer4288@example.com
customer_04289,Customer-04289,customer4289@example.com
customer_04290,Customer-04290,customer4290@example.com
customer_04291,Customer-04291,customer4291@example.com
customer_04292,Customer-04292,customer4292@example.com
customer_04293,Customer-04293,customer4293@example.com
customer_04294,Customer-04294,customer4294@example.com
customer_04295,Customer-04295,customer4295@example.com
customer_04296,Customer-04296,customer4296@example.com
customer_04297,Customer-04297,customer4297@example.com
customer_04298,Customer-04298,customer4298@example.com
customer_04299,Customer-04299,customer4299@example.com
customer_04300,Customer-04300,customer4300@example.com
customer_04301,Customer-04301,customer4301@example.com
customer_04302,Customer-04302,customer4302@example.com
customer_04303,Customer-04303,customer4303@example.com
customer_04304,Customer-04304,customer4304@example.com
customer_04305,Customer-04305,customer4305@example.com
customer_04306,Customer-04306,customer4306@example.com
customer_04307,Customer-04307,customer4307@example.com
customer_04308,Customer-04308,customer4308@example.com
customer_04309,Customer-04309,customer4309@example.com
customer_04310,Customer-04310,customer4310@example.com
customer_04311,Customer-04311,customer4311@example.com
customer_04312,Customer-04312,customer4312@example.com
customer_04313,Customer-04313,customer4313@example.com
customer_04314,Customer-04314,customer4314@example.com
customer_04315,Customer-04315,customer4315@example.com
customer_04316,Customer-04316,customer4316@example.com
customer_04317,Customer-04317,customer4317@example.com
customer_04318,Customer-04318,customer4318@example.com
customer_04319,Customer-04319,customer4319@example.com
customer_04320,Customer-04320,customer4320@example.com
customer_04321,Customer-04321,customer4321@example.com
customer_04322,Customer-04322,customer4322@example.com
customer_04323,Customer-04323,customer4323@example.com
customer_04324,Customer-04324,customer4324@example.com
customer_04325,Customer-04325,customer4325@example.com
customer_04326,Customer-04326,customer4326@example.com
customer_04327,Customer-04327,customer4327@example.com
customer_04328,Customer-04328,customer4328@example.com
customer_04329,Customer-04329,customer4329@example.com
customer_04330,Customer-04330,customer4330@example.com
customer_04331,Customer-04331,customer4331@example.com
customer_04332,Customer-04332,customer4332@example.com
customer_04333,Customer-04333,customer4333@example.com
customer_04334,Customer-04334,customer4334@example.com
customer_04335,Customer-04335,customer4335@example.com
customer_04336,Customer-04336,customer4336@example.com
customer_04337,Customer-04337,customer4337@example.com
customer_04338,Customer-04338,customer4338@example.com
customer_04339,Customer-04339,customer4339@example.com
customer_04340,Customer-04340,customer4340@example.com
customer_04341,Customer-04341,customer4341@example.com
customer_04342,Customer-04342,customer4342@example.com
customer_04343,Customer-04343,customer4343@example.com
customer_04344,Customer-04344,customer4344@example.com
customer_04345,Customer-04345,customer4345@example.com
customer_04346,Customer-04346,customer4346@example.com
customer_04347,Customer-04347,customer4347@example.com
customer_04348,Customer-04348,customer4348@example.com
customer_04349,Customer-04349,customer4349@example.com
customer_04350,Customer-04350,customer4350@example.com
customer_04351,Customer-04351,customer4351@example.com
customer_04352,Customer-04352,customer4352@example.com
customer_04353,Customer-04353,customer4353@example.com
customer_04354,Customer-04354,customer4354@example.com
customer_04355,Customer-04355,customer4355@example.com
customer_04356,Customer-04356,customer4356@example.com
customer_04357,Customer-04357,customer4357@example.com
customer_04358,Customer-04358,customer4358@example.com
customer_04359,Customer-04359,customer4359@example.com
customer_04360,Customer-04360,customer4360@example.com
customer_04361,Customer-04361,customer4361@example.com
customer_04362,Customer-04362,customer4362@example.com
customer_04363,Customer-04363,customer4363@example.com
customer_04364,Customer-04364,customer4364@example.com
customer_04365,Customer-04365,customer4365@example.com
customer_04366,Customer-04366,customer4366@example.com
customer_04367,Customer-04367,customer4367@example.com
customer_04368,Customer-04368,customer4368@example.com
customer_04369,Customer-04369,customer4369@example.com
customer_04370,Customer-04370,customer4370@example.com
customer_04371,Customer-04371,customer4371@example.com
customer_04372,Customer-04372,customer4372@example.com
customer_04373,Customer-04373,customer4373@example.com
customer_04374,Customer-04374,customer4374@example.com
customer_04375,Customer-04375,customer4375@example.com
customer_04376,Customer-04376,customer4376@example.com
customer_04377,Customer-04377,customer4377@example.com
customer_04378,Customer-04378,customer4378@example.com
customer_04379,Customer-04379,customer4379@example.com
customer_04380,Customer-04380,customer4380@example.com
customer_04381,Customer-04381,customer4381@example.com
customer_04382,Customer-04382,customer4382@example.com
customer_04383,Customer-04383,customer4383@example.com
customer_04384,Customer-04384,customer4384@example.com
customer_04385,Customer-04385,customer4385@example.com
customer_04386,Customer-04386,customer4386@example.com
customer_04387,Customer-04387,customer4387@example.com
customer_04388,Customer-04388,customer4388@example.com
customer_04389,Customer-04389,customer4389@example.com
customer_04390,Customer-04390,customer4390@example.com
customer_04391,Customer-04391,customer4391@example.com
customer_04392,Customer-04392,customer4392@example.com
customer_04393,Customer-04393,customer4393@example.com
customer_04394,Customer-04394,customer4394@example.com
customer_04395,Customer-04395,customer4395@example.com
customer_04396,Customer-04396,customer4396@example.com
customer_04397,Customer-04397,customer4397@example.com
customer_04398,Customer-04398,customer4398@example.com
customer_04399,Customer-04399,customer4399@example.com
customer_04400,Customer-04400,customer4400@example.com
customer_04401,Customer-04401,customer4401@example.com
customer_04402,Customer-04402,customer4402@example.com
customer_04403,Customer-04403,customer4403@example.com
customer_04404,Customer-04404,customer4404@example.com
customer_04405,Customer-04405,customer4405@example.com
customer_04406,Customer-04406,customer4406@example.com
customer_04407,Customer-04407,customer4407@example.com
customer_04408,Customer-04408,customer4408@example.com
customer_04409,Customer-04409,customer4409@example.com
customer_04410,Customer-04410,customer4410@example.com
customer_04411,Customer-04411,customer4411@example.com
customer_04412,Customer-04412,customer4412@example.com
customer_04413,Customer-04413,customer4413@example.com
customer_04414,Customer-04414,customer4414@example.com
customer_04415,Customer-04415,customer4415@example.com
customer_04416,Customer-04416,customer4416@example.com
customer_04417,Customer-04417,customer4417@example.com
customer_04418,Customer-04418,customer4418@example.com
customer_04419,Customer-04419,customer4419@example.com
customer_04420,Customer-04420,customer4420@example.com
customer_04421,Customer-04421,customer4421@example.com
customer_04422,Customer-04422,customer4422@example.com
customer_04423,Customer-04423,customer4423@example.com
customer_04424,Customer-04424,customer4424@example.com
customer_04425,Customer-04425,customer4425@example.com
customer_04426,Customer-04426,customer4426@example.com
customer_04427,Customer-04427,customer4427@example.com
customer_04428,Customer-04428,customer4428@example.com
customer_04429,Customer-04429,customer4429@example.com
customer_04430,Customer-04430,customer4430@example.com
customer_04431,Customer-04431,customer4431@example.com
customer_04432,Customer-04432,customer4432@example.com
customer_04433,Customer-04433,customer4433@example.com
customer_04434,Customer-04434,customer4434@example.com
customer_04435,Customer-04435,customer4435@example.com
customer_04436,Customer-04436,customer4436@example.com
customer_04437,Customer-04437,customer4437@example.com
customer_04438,Customer-04438,customer4438@example.com
customer_04439,Customer-04439,customer4439@example.com
customer_04440,Customer-04440,customer4440@example.com
customer_04441,Customer-04441,customer4441@example.com
customer_04442,Customer-04442,customer4442@example.com
customer_04443,Customer-04443,customer4443@example.com
customer_04444,Customer-04444,customer4444@example.com
customer_04445,Customer-04445,customer4445@example.com
customer_04446,Customer-04446,customer4446@example.com
customer_04447,Customer-04447,customer4447@example.com
customer_04448,Customer-04448,customer4448@example.com
customer_04449,Customer-04449,customer4449@example.com
customer_04450,Customer-04450,customer4450@example.com
customer_04451,Customer-04451,customer4451@example.com
customer_04452,Customer-04452,customer4452@example.com
customer_04453,Customer-04453,customer4453@example.com
customer_04454,Customer-04454,customer4454@example.com
customer_04455,Customer-04455,customer4455@example.com
customer_04456,Customer-04456,customer4456@example.com
customer_04457,Customer-04457,customer4457@example.com
customer_04458,Customer-04458,customer4458@example.com
customer_04459,Customer-04459,customer4459@example.com
customer_04460,Customer-04460,customer4460@example.com
customer_04461,Customer-04461,customer4461@example.com
customer_04462,Customer-04462,customer4462@example.com
customer_04463,Customer-04463,customer4463@example.com
customer_04464,Customer-04464,customer4464@example.com
customer_04465,Customer-04465,customer4465@example.com
customer_04466,Customer-04466,customer4466@example.com
customer_04467,Customer-04467,customer4467@example.com
customer_04468,Customer-04468,customer4468@example.com
customer_04469,Customer-04469,customer4469@example.com
customer_04470,Customer-04470,customer4470@example.com
customer_04471,Customer-04471,customer4471@example.com
customer_04472,Customer-04472,customer4472@example.com
customer_04473,Customer-04473,customer4473@example.com
customer_04474,Customer-04474,customer4474@example.com
customer_04475,Customer-04475,customer4475@example.com
customer_04476,Customer-04476,customer4476@example.com
customer_04477,Customer-04477,customer4477@example.com
customer_04478,Customer-04478,customer4478@example.com
customer_04479,Customer-04479,customer4479@example.com
customer_04480,Customer-04480,customer4480@example.com
customer_04481,Customer-04481,customer4481@example.com
customer_04482,Customer-04482,customer4482@example.com
customer_04483,Customer-04483,customer4483@example.com
customer_04484,Customer-04484,customer4484@example.com
customer_04485,Customer-04485,customer4485@example.com
customer_04486,Customer-04486,customer4486@example.com
customer_04487,Customer-04487,customer4487@example.com
customer_04488,Customer-04488,customer4488@example.com
customer_04489,Customer-04489,customer4489@example.com
customer_04490,Customer-04490,customer4490@example.com
customer_04491,Customer-04491,customer4491@example.com
customer_04492,Customer-04492,customer4492@example.com
customer_04493,Customer-04493,customer4493@example.com
customer_04494,Customer-04494,customer4494@example.com
customer_04495,Customer-04495,customer4495@example.com
customer_04496,Customer-04496,customer4496@example.com
customer_04497,Customer-04497,customer4497@example.com
customer_04498,Customer-04498,customer4498@example.com
customer_04499,Customer-04499,customer4499@example.com
customer_04500,Customer-04500,customer4500@example.com
customer_04501,Customer-04501,customer4501@example.com
customer_04502,Customer-04502,customer4502@example.com
customer_04503,Customer-04503,customer4503@example.com
customer_04504,Customer-04504,customer4504@example.com
customer_04505,Customer-04505,customer4505@example.com
customer_04506,Customer-04506,customer4506@example.com
customer_04507,Customer-04507,customer4507@example.com
customer_04508,Customer-04508,customer4508@example.com
customer_04509,Customer-04509,customer4509@example.com
customer_04510,Customer-04510,customer4510@example.com
customer_04511,Customer-04511,customer4511@example.com
customer_04512,Customer-04512,customer4512@example.com
customer_04513,Customer-04513,customer4513@example.com
customer_04514,Customer-04514,customer4514@example.com
customer_04515,Customer-04515,customer4515@example.com
customer_04516,Customer-04516,customer4516@example.com
customer_04517,Customer-04517,customer4517@example.com
customer_04518,Customer-04518,customer4518@example.com
customer_04519,Customer-04519,customer4519@example.com
customer_04520,Customer-04520,customer4520@example.com
customer_04521,Customer-04521,customer4521@example.com
customer_04522,Customer-04522,customer4522@example.com
customer_04523,Customer-04523,customer4523@example.com
customer_04524,Customer-04524,customer4524@example.com
customer_04525,Customer-04525,customer4525@example.com
customer_04526,Customer-04526,customer4526@example.com
customer_04527,Customer-04527,customer4527@example.com
customer_04528,Customer-04528,customer4528@example.com
customer_04529,Customer-04529,customer4529@example.com
customer_04530,Customer-04530,customer4530@example.com
customer_04531,Customer-04531,customer4531@example.com
customer_04532,Customer-04532,customer4532@example.com
customer_04533,Customer-04533,customer4533@example.com
customer_04534,Customer-04534,customer4534@example.com
customer_04535,Customer-04535,customer4535@example.com
customer_04536,Customer-04536,customer4536@example.com
customer_04537,Customer-04537,customer4537@example.com
customer_04538,Customer-04538,customer4538@example.com
customer_04539,Customer-04539,customer4539@example.com
customer_04540,Customer-04540,customer4540@example.com
customer_04541,Customer-04541,customer4541@example.com
customer_04542,Customer-04542,customer4542@example.com
customer_04543,Customer-04543,customer4543@example.com
customer_04544,Customer-04544,customer4544@example.com
customer_04545,Customer-04545,customer4545@example.com
customer_04546,Customer-04546,customer4546@example.com
customer_04547,Customer-04547,customer4547@example.com
customer_04548,Customer-04548,customer4548@example.com
customer_04549,Customer-04549,customer4549@example.com
customer_04550,Customer-04550,customer4550@example.com
customer_04551,Customer-04551,customer4551@example.com
customer_04552,Customer-04552,customer4552@example.com
customer_04553,Customer-04553,customer4553@example.com
customer_04554,Customer-04554,customer4554@example.com
customer_04555,Customer-04555,customer4555@example.com
customer_04556,Customer-04556,customer4556@example.com
customer_04557,Customer-04557,customer4557@example.com
customer_04558,Customer-04558,customer4558@example.com
customer_04559,Customer-04559,customer4559@example.com
customer_04560,Customer-04560,customer4560@example.com
customer_04561,Customer-04561,customer4561@example.com
customer_04562,Customer-04562,customer4562@example.com
customer_04563,Customer-04563,customer4563@example.com
customer_04564,Customer-04564,customer4564@example.com
customer_04565,Customer-04565,customer4565@example.com
customer_04566,Customer-04566,customer4566@example.com
customer_04567,Customer-04567,customer4567@example.com
customer_04568,Customer-04568,customer4568@example.com
customer_04569,Customer-04569,customer4569@example.com
customer_04570,Customer-04570,customer4570@example.com
customer_04571,Customer-04571,customer4571@example.com
customer_04572,Customer-04572,customer4572@example.com
customer_04573,Customer-04573,customer4573@example.com
customer_04574,Customer-04574,customer4574@example.com
customer_04575,Customer-04575,customer4575@example.com
customer_04576,Customer-04576,customer4576@example.com
customer_04577,Customer-04577,customer4577@example.com
customer_04578,Customer-04578,customer4578@example.com
customer_04579,Customer-04579,customer4579@example.com
customer_04580,Customer-04580,customer4580@example.com
customer_04581,Customer-04581,customer4581@example.com
customer_04582,Customer-04582,customer4582@example.com
customer_04583,Customer-04583,customer4583@example.com
customer_04584,Customer-04584,customer4584@example.com
customer_04585,Customer-04585,customer4585@example.com
customer_04586,Customer-04586,customer4586@example.com
customer_04587,Customer-04587,customer4587@example.com
customer_04588,Customer-04588,customer4588@example.com
customer_04589,Customer-04589,customer4589@example.com
customer_04590,Customer-04590,customer4590@example.com
customer_04591,Customer-04591,customer4591@example.com
customer_04592,Customer-04592,customer4592@example.com
customer_04593,Customer-04593,customer4593@example.com
customer_04594,Customer-04594,customer4594@example.com
customer_04595,Customer-04595,customer4595@example.com
customer_04596,Customer-04596,customer4596@example.com
customer_04597,Customer-04597,customer4597@example.com
customer_04598,Customer-04598,customer4598@example.com
customer_04599,Customer-04599,customer4599@example.com
customer_04600,Customer-04600,customer4600@example.com
customer_04601,Customer-04601,customer4601@example.com
customer_04602,Customer-04602,customer4602@example.com
customer_04603,Customer-04603,customer4603@example.com
customer_04604,Customer-04604,customer4604@example.com
customer_04605,Customer-04605,customer4605@example.com
customer_04606,Customer-04606,customer4606@example.com
customer_04607,Customer-04607,customer4607@example.com
customer_04608,Customer-04608,customer4608@example.com
customer_04609,Customer-04609,customer4609@example.com
customer_04610,Customer-04610,customer4610@example.com
customer_04611,Customer-04611,customer4611@example.com
customer_04612,Customer-04612,customer4612@example.com
customer_04613,Customer-04613,customer4613@example.com
customer_04614,Customer-04614,customer4614@example.com
customer_04615,Customer-04615,customer4615@example.com
customer_04616,Customer-04616,customer4616@example.com
customer_04617,Customer-04617,customer4617@example.com
customer_04618,Customer-04618,customer4618@example.com
customer_04619,Customer-04619,customer4619@example.com
customer_04620,Customer-04620,customer4620@example.com
customer_04621,Customer-04621,customer4621@example.com
customer_04622,Customer-04622,customer4622@example.com
customer_04623,Customer-04623,customer4623@example.com
customer_04624,Customer-04624,customer4624@example.com
customer_04625,Customer-04625,customer4625@example.com
customer_04626,Customer-04626,customer4626@example.com
customer_04627,Customer-04627,customer4627@example.com
customer_04628,Customer-04628,customer4628@example.com
customer_04629,Customer-04629,customer4629@example.com
customer_04630,Customer-04630,customer4630@example.com
customer_04631,Customer-04631,customer4631@example.com
customer_04632,Customer-04632,customer4632@example.com
customer_04633,Customer-04633,customer4633@example.com
customer_04634,Customer-04634,customer4634@example.com
customer_04635,Customer-04635,customer4635@example.com
customer_04636,Customer-04636,customer4636@example.com
customer_04637,Customer-04637,customer4637@example.com
customer_04638,Customer-04638,customer4638@example.com
customer_04639,Customer-04639,customer4639@example.com
customer_04640,Customer-04640,customer4640@example.com
customer_04641,Customer-04641,customer4641@example.com
customer_04642,Customer-04642,customer4642@example.com
customer_04643,Customer-04643,customer4643@example.com
customer_04644,Customer-04644,customer4644@example.com
customer_04645,Customer-04645,customer4645@example.com
customer_04646,Customer-04646,customer4646@example.com
customer_04647,Customer-04647,customer4647@example.com
customer_04648,Customer-04648,customer4648@example.com
customer_04649,Customer-04649,customer4649@example.com
customer_04650,Customer-04650,customer4650@example.com
customer_04651,Customer-04651,customer4651@example.com
customer_04652,Customer-04652,customer4652@example.com
customer_04653,Customer-04653,customer4653@example.com
customer_04654,Customer-04654,customer4654@example.com
customer_04655,Customer-04655,customer4655@example.com
customer_04656,Customer-04656,customer4656@example.com
customer_04657,Customer-04657,customer4657@example.com
customer_04658,Customer-04658,customer4658@example.com
customer_04659,Customer-04659,customer4659@example.com
customer_04660,Customer-04660,customer4660@example.com
customer_04661,Customer-04661,customer4661@example.com
customer_04662,Customer-04662,customer4662@example.com
customer_04663,Customer-04663,customer4663@example.com
customer_04664,Customer-04664,customer4664@example.com
customer_04665,Customer-04665,customer4665@example.com
customer_04666,Customer-04666,customer4666@example.com
customer_04667,Customer-04667,customer4667@example.com
customer_04668,Customer-04668,customer4668@example.com
customer_04669,Customer-04669,customer4669@example.com
customer_04670,Customer-04670,customer4670@example.com
customer_04671,Customer-04671,customer4671@example.com
customer_04672,Customer-04672,customer4672@example.com
customer_04673,Customer-04673,customer4673@example.com
customer_04674,Customer-04674,customer4674@example.com
customer_04675,Customer-04675,customer4675@example.com
customer_04676,Customer-04676,customer4676@example.com
customer_04677,Customer-04677,customer4677@example.com
customer_04678,Customer-04678,customer4678@example.com
customer_04679,Customer-04679,customer4679@example.com
customer_04680,Customer-04680,customer4680@example.com
customer_04681,Customer-04681,customer4681@example.com
customer_04682,Customer-04682,customer4682@example.com
customer_04683,Customer-04683,customer4683@example.com
customer_04684,Customer-04684,customer4684@example.com
customer_04685,Customer-04685,customer4685@example.com
customer_04686,Customer-04686,customer4686@example.com
customer_04687,Customer-04687,customer4687@example.com
customer_04688,Customer-04688,customer4688@example.com
customer_04689,Customer-04689,customer4689@example.com
customer_04690,Customer-04690,customer4690@example.com
customer_04691,Customer-04691,customer4691@example.com
customer_04692,Customer-04692,customer4692@example.com
customer_04693,Customer-04693,customer4693@example.com
customer_04694,Customer-04694,customer4694@example.com
customer_04695,Customer-04695,customer4695@example.com
customer_04696,Customer-04696,customer4696@example.com
customer_04697,Customer-04697,customer4697@example.com
customer_04698,Customer-04698,customer4698@example.com
customer_04699,Customer-04699,customer4699@example.com
customer_04700,Customer-04700,customer4700@example.com
customer_04701,Customer-04701,customer4701@example.com
customer_04702,Customer-04702,customer4702@example.com
customer_04703,Customer-04703,customer4703@example.com
customer_04704,Customer-04704,customer4704@example.com
customer_04705,Customer-04705,customer4705@example.com
customer_04706,Customer-04706,customer4706@example.com
customer_04707,Customer-04707,customer4707@example.com
customer_04708,Customer-04708,customer4708@example.com
customer_04709,Customer-04709,customer4709@example.com
customer_04710,Customer-04710,customer4710@example.com
customer_04711,Customer-04711,customer4711@example.com
customer_04712,Customer-04712,customer4712@example.com
customer_04713,Customer-04713,customer4713@example.com
customer_04714,Customer-04714,customer4714@example.com
customer_04715,Customer-04715,customer4715@example.com
customer_04716,Customer-04716,customer4716@example.com
customer_04717,Customer-04717,customer4717@example.com
customer_04718,Customer-04718,customer4718@example.com
customer_04719,Customer-04719,customer4719@example.com
customer_04720,Customer-04720,customer4720@example.com
customer_04721,Customer-04721,customer4721@example.com
customer_04722,Customer-04722,customer4722@example.com
customer_04723,Customer-04723,customer4723@example.com
customer_04724,Customer-04724,customer4724@example.com
customer_04725,Customer-04725,customer4725@example.com
customer_04726,Customer-04726,customer4726@example.com
customer_04727,Customer-04727,customer4727@example.com
customer_04728,Customer-04728,customer4728@example.com
customer_04729,Customer-04729,customer4729@example.com
customer_04730,Customer-04730,customer4730@example.com
customer_04731,Customer-04731,customer4731@example.com
customer_04732,Customer-04732,customer4732@example.com
customer_04733,Customer-04733,customer4733@example.com
customer_04734,Customer-04734,customer4734@example.com
customer_04735,Customer-04735,customer4735@example.com
customer_04736,Customer-04736,customer4736@example.com
customer_04737,Customer-04737,customer4737@example.com
customer_04738,Customer-04738,customer4738@example.com
customer_04739,Customer-04739,customer4739@example.com
customer_04740,Customer-04740,customer4740@example.com
customer_04741,Customer-04741,customer4741@example.com
customer_04742,Customer-04742,customer4742@example.com
customer_04743,Customer-04743,customer4743@example.com
customer_04744,Customer-04744,customer4744@example.com
customer_04745,Customer-04745,customer4745@example.com
customer_04746,Customer-04746,customer4746@example.com
customer_04747,Customer-04747,customer4747@example.com
customer_04748,Customer-04748,customer4748@example.com
customer_04749,Customer-04749,customer4749@example.com
customer_04750,Customer-04750,customer4750@example.com
customer_04751,Customer-04751,customer4751@example.com
customer_04752,Customer-04752,customer4752@example.com
customer_04753,Customer-04753,customer4753@example.com
customer_04754,Customer-04754,customer4754@example.com
customer_04755,Customer-04755,customer4755@example.com
customer_04756,Customer-04756,customer4756@example.com
customer_04757,Customer-04757,customer4757@example.com
customer_04758,Customer-04758,customer4758@example.com
customer_04759,Customer-04759,customer4759@example.com
customer_04760,Customer-04760,customer4760@example.com
customer_04761,Customer-04761,customer4761@example.com
customer_04762,Customer-04762,customer4762@example.com
customer_04763,Customer-04763,customer4763@example.com
customer_04764,Customer-04764,customer4764@example.com
customer_04765,Customer-04765,customer4765@example.com
customer_04766,Customer-04766,customer4766@example.com
customer_04767,Customer-04767,customer4767@example.com
customer_04768,Customer-04768,customer4768@example.com
customer_04769,Customer-04769,customer4769@example.com
customer_04770,Customer-04770,customer4770@example.com
customer_04771,Customer-04771,customer4771@example.com
customer_04772,Customer-04772,customer4772@example.com
customer_04773,Customer-04773,customer4773@example.com
customer_04774,Customer-04774,customer4774@example.com
customer_04775,Customer-04775,customer4775@example.com
customer_04776,Customer-04776,customer4776@example.com
customer_04777,Customer-04777,customer4777@example.com
customer_04778,Customer-04778,customer4778@example.com
customer_04779,Customer-04779,customer4779@example.com
customer_04780,Customer-04780,customer4780@example.com
customer_04781,Customer-04781,customer4781@example.com
customer_04782,Customer-04782,customer4782@example.com
customer_04783,Customer-04783,customer4783@example.com
customer_04784,Customer-04784,customer4784@example.com
customer_04785,Customer-04785,customer4785@example.com
customer_04786,Customer-04786,customer4786@example.com
customer_04787,Customer-04787,customer4787@example.com
customer_04788,Customer-04788,customer4788@example.com
customer_04789,Customer-04789,customer4789@example.com
customer_04790,Customer-04790,customer4790@example.com
customer_04791,Customer-04791,customer4791@example.com
customer_04792,Customer-04792,customer4792@example.com
customer_04793,Customer-04793,customer4793@example.com
customer_04794,Customer-04794,customer4794@example.com
customer_04795,Customer-04795,customer4795@example.com
customer_04796,Customer-04796,customer4796@example.com
customer_04797,Customer-04797,customer4797@example.com
customer_04798,Customer-04798,customer4798@example.com
customer_04799,Customer-04799,customer4799@example.com
customer_04800,Customer-04800,customer4800@example.com
customer_04801,Customer-04801,customer4801@example.com
customer_04802,Customer-04802,customer4802@example.com
customer_04803,Customer-04803,customer4803@example.com
customer_04804,Customer-04804,customer4804@example.com
customer_04805,Customer-04805,customer4805@example.com
customer_04806,Customer-04806,customer4806@example.com
customer_04807,Customer-04807,customer4807@example.com
customer_04808,Customer-04808,customer4808@example.com
customer_04809,Customer-04809,customer4809@example.com
customer_04810,Customer-04810,customer4810@example.com
customer_04811,Customer-04811,customer4811@example.com
customer_04812,Customer-04812,customer4812@example.com
customer_04813,Customer-04813,customer4813@example.com
customer_04814,Customer-04814,customer4814@example.com
customer_04815,Customer-04815,customer4815@example.com
customer_04816,Customer-04816,customer4816@example.com
customer_04817,Customer-04817,customer4817@example.com
customer_04818,Customer-04818,customer4818@example.com
customer_04819,Customer-04819,customer4819@example.com
customer_04820,Customer-04820,customer4820@example.com
customer_04821,Customer-04821,customer4821@example.com
customer_04822,Customer-04822,customer4822@example.com
customer_04823,Customer-04823,customer4823@example.com
customer_04824,Customer-04824,customer4824@example.com
customer_04825,Customer-04825,customer4825@example.com
customer_04826,Customer-04826,customer4826@example.com
customer_04827,Customer-04827,customer4827@example.com
customer_04828,Customer-04828,customer4828@example.com
customer_04829,Customer-04829,customer4829@example.com
customer_04830,Customer-04830,customer4830@example.com
customer_04831,Customer-04831,customer4831@example.com
customer_04832,Customer-04832,customer4832@example.com
customer_04833,Customer-04833,customer4833@example.com
customer_04834,Customer-04834,customer4834@example.com
customer_04835,Customer-04835,customer4835@example.com
customer_04836,Customer-04836,customer4836@example.com
customer_04837,Customer-04837,customer4837@example.com
customer_04838,Customer-04838,customer4838@example.com
customer_04839,Customer-04839,customer4839@example.com
customer_04840,Customer-04840,customer4840@example.com
customer_04841,Customer-04841,customer4841@example.com
customer_04842,Customer-04842,customer4842@example.com
customer_04843,Customer-04843,customer4843@example.com
customer_04844,Customer-04844,customer4844@example.com
customer_04845,Customer-04845,customer4845@example.com
customer_04846,Customer-04846,customer4846@example.com
customer_04847,Customer-04847,customer4847@example.com
customer_04848,Customer-04848,customer4848@example.com
customer_04849,Customer-04849,customer4849@example.com
customer_04850,Customer-04850,customer4850@example.com
customer_04851,Customer-04851,customer4851@example.com
customer_04852,Customer-04852,customer4852@example.com
customer_04853,Customer-04853,customer4853@example.com
customer_04854,Customer-04854,customer4854@example.com
customer_04855,Customer-04855,customer4855@example.com
customer_04856,Customer-04856,customer4856@example.com
customer_04857,Customer-04857,customer4857@example.com
customer_04858,Customer-04858,customer4858@example.com
customer_04859,Customer-04859,customer4859@example.com
customer_04860,Customer-04860,customer4860@example.com
customer_04861,Customer-04861,customer4861@example.com
customer_04862,Customer-04862,customer4862@example.com
customer_04863,Customer-04863,customer4863@example.com
customer_04864,Customer-04864,customer4864@example.com
customer_04865,Customer-04865,customer4865@example.com
customer_04866,Customer-04866,customer4866@example.com
customer_04867,Customer-04867,customer4867@example.com
customer_04868,Customer-04868,customer4868@example.com
customer_04869,Customer-04869,customer4869@example.com
customer_04870,Customer-04870,customer4870@example.com
customer_04871,Customer-04871,customer4871@example.com
customer_04872,Customer-04872,customer4872@example.com
customer_04873,Customer-04873,customer4873@example.com
customer_04874,Customer-04874,customer4874@example.com
customer_04875,Customer-04875,customer4875@example.com
customer_04876,Customer-04876,customer4876@example.com
customer_04877,Customer-04877,customer4877@example.com
customer_04878,Customer-04878,customer4878@example.com
customer_04879,Customer-04879,customer4879@example.com
customer_04880,Customer-04880,customer4880@example.com
customer_04881,Customer-04881,customer4881@example.com
customer_04882,Customer-04882,customer4882@example.com
customer_04883,Customer-04883,customer4883@example.com
customer_04884,Customer-04884,customer4884@example.com
customer_04885,Customer-04885,customer4885@example.com
customer_04886,Customer-04886,customer4886@example.com
customer_04887,Customer-04887,customer4887@example.com
customer_04888,Customer-04888,customer4888@example.com
customer_04889,Customer-04889,customer4889@example.com
customer_04890,Customer-04890,customer4890@example.com
customer_04891,Customer-04891,customer4891@example.com
customer_04892,Customer-04892,customer4892@example.com
customer_04893,Customer-04893,customer4893@example.com
customer_04894,Customer-04894,customer4894@example.com
customer_04895,Customer-04895,customer4895@example.com
customer_04896,Customer-04896,customer4896@example.com
customer_04897,Customer-04897,customer4897@example.com
customer_04898,Customer-04898,customer4898@example.com
customer_04899,Customer-04899,customer4899@example.com
customer_04900,Customer-04900,customer4900@example.com
customer_04901,Customer-04901,customer4901@example.com
customer_04902,Customer-04902,customer4902@example.com
customer_04903,Customer-04903,customer4903@example.com
customer_04904,Customer-04904,customer4904@example.com
customer_04905,Customer-04905,customer4905@example.com
customer_04906,Customer-04906,customer4906@example.com
customer_04907,Customer-04907,customer4907@example.com
customer_04908,Customer-04908,customer4908@example.com
customer_04909,Customer-04909,customer4909@example.com
customer_04910,Customer-04910,customer4910@example.com
customer_04911,Customer-04911,customer4911@example.com
customer_04912,Customer-04912,customer4912@example.com
customer_04913,Customer-04913,customer4913@example.com
customer_04914,Customer-04914,customer4914@example.com
customer_04915,Customer-04915,customer4915@example.com
customer_04916,Customer-04916,customer4916@example.com
customer_04917,Customer-04917,customer4917@example.com
customer_04918,Customer-04918,customer4918@example.com
customer_04919,Customer-04919,customer4919@example.com
customer_04920,Customer-04920,customer4920@example.com
customer_04921,Customer-04921,customer4921@example.com
customer_04922,Customer-04922,customer4922@example.com
customer_04923,Customer-04923,customer4923@example.com
customer_04924,Customer-04924,customer4924@example.com
customer_04925,Customer-04925,customer4925@example.com
customer_04926,Customer-04926,customer4926@example.com
customer_04927,Customer-04927,customer4927@example.com
customer_04928,Customer-04928,customer4928@example.com
customer_04929,Customer-04929,customer4929@example.com
customer_04930,Customer-04930,customer4930@example.com
customer_04931,Customer-04931,customer4931@example.com
customer_04932,Customer-04932,customer4932@example.com
customer_04933,Customer-04933,customer4933@example.com
customer_04934,Customer-04934,customer4934@example.com
customer_04935,Customer-04935,customer4935@example.com
customer_04936,Customer-04936,customer4936@example.com
customer_04937,Customer-04937,customer4937@example.com
customer_04938,Customer-04938,customer4938@example.com
customer_04939,Customer-04939,customer4939@example.com
customer_04940,Customer-04940,customer4940@example.com
customer_04941,Customer-04941,customer4941@example.com
customer_04942,Customer-04942,customer4942@example.com
customer_04943,Customer-04943,customer4943@example.com
customer_04944,Customer-04944,customer4944@example.com
customer_04945,Customer-04945,customer4945@example.com
customer_04946,Customer-04946,customer4946@example.com
customer_04947,Customer-04947,customer4947@example.com
customer_04948,Customer-04948,customer4948@example.com
customer_04949,Customer-04949,customer4949@example.com
customer_04950,Customer-04950,customer4950@example.com
customer_04951,Customer-04951,customer4951@example.com
customer_04952,Customer-04952,customer4952@example.com
customer_04953,Customer-04953,customer4953@example.com
customer_04954,Customer-04954,customer4954@example.com
customer_04955,Customer-04955,customer4955@example.com
customer_04956,Customer-04956,customer4956@example.com
customer_04957,Customer-04957,customer4957@example.com
customer_04958,Customer-04958,customer4958@example.com
customer_04959,Customer-04959,customer4959@example.com
customer_04960,Customer-04960,customer4960@example.com
customer_04961,Customer-04961,customer4961@example.com
customer_04962,Customer-04962,customer4962@example.com
customer_04963,Customer-04963,customer4963@example.com
customer_04964,Customer-04964,customer4964@example.com
customer_04965,Customer-04965,customer4965@example.com
customer_04966,Customer-04966,customer4966@example.com
customer_04967,Customer-04967,customer4967@example.com
customer_04968,Customer-04968,customer4968@example.com
customer_04969,Customer-04969,customer4969@example.com
customer_04970,Customer-04970,customer4970@example.com
customer_04971,Customer-04971,customer4971@example.com
customer_04972,Customer-04972,customer4972@example.com
customer_04973,Customer-04973,customer4973@example.com
customer_04974,Customer-04974,customer4974@example.com
customer_04975,Customer-04975,customer4975@example.com
customer_04976,Customer-04976,customer4976@example.com
customer_04977,Customer-04977,customer4977@example.com
customer_04978,Customer-04978,customer4978@example.com
customer_04979,Customer-04979,customer4979@example.com
customer_04980,Customer-04980,customer4980@example.com
customer_04981,Customer-04981,customer4981@example.com
customer_04982,Customer-04982,customer4982@example.com
customer_04983,Customer-04983,customer4983@example.com
customer_04984,Customer-04984,customer4984@example.com
customer_04985,Customer-04985,customer4985@example.com
customer_04986,Customer-04986,customer4986@example.com
customer_04987,Customer-04987,customer4987@example.com
customer_04988,Customer-04988,customer4988@example.com
customer_04989,Customer-04989,customer4989@example.com
customer_04990,Customer-04990,customer4990@example.com
customer_04991,Customer-04991,customer4991@example.com
customer_04992,Customer-04992,customer4992@example.com
customer_04993,Customer-04993,customer4993@example.com
customer_04994,Customer-04994,customer4994@example.com
customer_04995,Customer-04995,customer4995@example.com
customer_04996,Customer-04996,customer4996@example.com
customer_04997,Customer-04997,customer4997@example.com
customer_04998,Customer-04998,customer4998@example.com
customer_04999,Customer-04999,customer4999@example.com
customer_05000,Customer-05000,customer5000@example.com
